,text,sentic_concept
6001,others quoting similar watch dare politicslive asylum immigration,"['quoting', 'similar', 'dare', 'asylum']"
6002,agree education learning institutions certifications immigration entrepreneurship disrupt efficiency uni studies work,"['agree', 'education', 'learning', 'institution', 'certification', 'entrepreneurship', 'disrupt', 'efficiency', 'studies', 'work']"
6003,politicslive sounding like less informed offspring humanity government immigration brexithasfailed bekindalways,"[NOT 'informed', 'offspring', 'govern']"
6004,looking immigration lawyers luton visit website rodman pearce solicitors today learn immigration lawyers team immigrationlawyerinluton immigrationsolicitorsinluton,"['solicit', 'learn']"
6005,go immigration politicslive,"['N', 'o', ' ', 'c', 'o', 'n', 'c', 'e', 'p', 't', 's', ' ', 'd', 'e', 't', 'e', 'c', 't', 'e', 'd']"
6006,needs get immigration politicslive,['needy']
6007,politicslive inaya voice reason rest panel blinded finding solution costofliving unwanted immigration etc due overt tribalism,"[NOT 'aye', 'reason', 'rest', 'panel', 'blind', 'solution', 'unwanted', 'overt', 'tribalism']"
6008,assumons macronassasin giletjaune covid19 islam immigration etrangersirreguliers soutienvictimesislam,['covid']
6009,30 immigration fee canada amp australia first 15 days ramadan ramadan offer immigration canadaimmigration immigrationconsultant canadalife canadianimmigration canadavisa australiavisa milkyway saudiarabia ramadanoffer,"['canada', 'australia', 'daye', 'fee', 'offer']"
6010,canada qualifies 2022 world cup full article canadanews immigration immigrationnews cdnimm narcitycanada blogto dailyhive curiocitycanada ctv cbc fifa qualifies worldcup canada toronto vancouver cisnews,"['canada', 'worldcup', 'toronto', 'vancouver', 'qualify', 'full', 'fifa']"
6011,ontario quebec manitoba bc release immigration draw results ontario quebec manitoba immigration,"['release', 'draw']"
6012,thunder bay offers array career opportunities new immigrants especially healthcare amp health research sectors oleksandr bubon one example found success newcanadians cdnimm immigration success thunderbay,"['thunder', 'offers', 'array', 'immigrants', 'healthcare', 'health', 'research', 'sector', 'example', 'success']"
6013,hospitality sector india recruitment globalrecruitment immigration humancapital humanresources globaljobs skilledmigration skilledworkers skilledprofessionals,"['india', 'hospitality', 'sector', 'recruitment']"
6014,spousal sponsorship new applications back service standard 12 month read gt gt whatsapp get touch canapprove canadaimmigration canada immigration canadapr spousalimmigration familyimmigration,"['service', 'whatsapp', 'canada', 'spousal', 'sponsorship', 'application', 'standard', 'touch']"
6015,study latvia hello verify latvia visa latvia visa refused latvia visa rejected crown immigration latvia visa immigration consultant,"['latvia', 'consultant', 'study', 'verify', 'refuse', 'rejected', 'crown']"
6016,ukraine refugee gets new york ukrainians wait standwithukraine immigration refugees,"['new york', 'ukraine', 'wait']"
6017,2022 2024 immigration levels plan targets 23 500 additional canada pr permanent residents pgp parents grandparents program coming three years call us free counseling 9871383058 immigration prvisa visanews visaconsultants ircc canadapr,"['canada', 'permanent resident', 'targets', 'additional', 'grandparent', 'free', 'counseling']"
6018,getting university choice become easy viec want study dubai waiting join us info call 85560 85560 student punjabi dubai universities studentvisa dubaivisa immigration education abroad success,"['dubai', 'choice', 'easy', 'study', 'join', 'info', 'student', 'education', 'success']"
6019,2022 2024 immigration levels plan targets 23 500 additional canada pr permanent residents pgp parents grandparents program coming three years information call us 91 7303872762 email us info immigration pnp,"['canada', 'permanent resident', 'targets', 'additional', 'grandparent', 'information', 'info']"
6020,feel like talk equivalent sending thoughts prayers americans whose families ripped apart bc immigration problems instead actually helping us ending iirira,"['ripped apart', 'prayer', 'family', 'problem', 'help']"
6021,fort hood soldiers sentenced immigrant smuggling case daca immigration immigrationreform joebiden elsalvador mexico venezuela guatemala asylum tps visas citizenship gop migrants ice borderpatrol,"['mexico', 'venezuela', 'guatemala', 'fort', 'hood', 'soldiery', 'sentenced', 'immigrant', 'dacer', 'asylum', 'citizenship']"
6022,walker morris employment experts recently held webinar alongside tax specialists working amp recruiting anywhere immigration tax global mobility rewatch webinar gt immigration recruitment,"['employment', 'recent', 'specialist', 'work', 'watche', 'recruitment']"
6023,super useful insight sanjay admissions webinar intled immigration study,"['super', 'useful', 'insight', 'admission', 'study']"
6024,mobilit want latest news calendar upcoming immigration events sign destcan newsletter,"['event', 'latest', 'newsletter']"
6025,eric zemmour focused much identity immigration security prevented embodying anything else eyes voters points bruno cautr political scientist center political research farright,"['focused', 'identity', 'security', 'prevent', 'political', 'research']"
6026,racism plays role immigration decisions house immigration committee hears news feedly agree transparency needed ai tools differential outcomes reflect objective factors risks cdnimm,"['house', 'racism', 'play', 'decision', 'committee', 'hearse', 'agree', 'transparency', 'needed', 'tool', 'differential', 'reflect', 'objective']"
6027,last chance apply investment business route uk contact uk immigration lawyers ensure successful visa application last chance uksolerepvisa ukbusinessvisa investors businessowners,"['apple', 'last chance', 'investment', 'route', 'ensure', 'successful', 'application', 'investor']"
6028,send email sksolicitors ng com travel visas immigration ukvisas ukimmigration studentvisas familyvisas heathrow gatwick spain portugal italy germany greece info,"['spain', 'portugal', 'italy', 'germany', 'greece', 'travel', 'info']"
6029,information visa applications immigration pathways uk spain france portugal italy germany greece schengen countries please visit sk call us 0803 418 8219,"['spain', 'france', 'portugal', 'italy', 'germany', 'greece', 'country', 'information', 'application', 'pathway']"
6030,usa green card eb investment new law implemented 5 years amp old eb 5 cases processed whatsapp ajmeralawgroup prashantajmera greencard usa immigrationconsultant immigration residencyandcitizenship usagreencard eb5 eb5visa,"['usa', 'whatsapp', 'green', 'investment', 'implement', 'old']"
6031,ircc back 12 month processing spousal sponsorship applications get geniune guidance call us 1 437 343 9000 immigrationcanada immigrationnews immigrationconsultant immigration unbeatable fast canadaimmigration canadaworkpermit workincanada movetocanada,"['spousal', 'sponsorship', 'application', 'guidance', 'unbeatable', 'fast']"
6032,study visa refusal worry call us today 08699098990 get expert advice website visarefusal immigration canada ielts english ieltspreparation studyabroad learnenglish vocabulary grammar ieltsspeaking education englishteacher,"['canada', 'study', 'refusal', 'worry', 'advice', 'vocabulary', 'education']"
6033,know dna immigration testing service used immigration cases applications amp appeals next day results standard fastest testing uk find visit website call team 0333 600 1300,"['service', 'testing', 'application', 'standard', 'fastest']"
6034,read report turkish dramas impact researching popularity turkish drama series increasingly positive attitudes towards rkiye surge immigration rkiye work education three phase mixed methods study,"['report', 'impact', 'popularity', 'positive', 'surge', 'work', 'education', 'phase', 'method', 'study']"
6035,gujarat based family froze death crossing illegally us january year shed light rampant illegal immigration india unravel legal risks involved fraud immigration agents tell,"['india', 'family', 'froze', 'death', 'illegally', 'light', 'rampant', 'illegal', 'unravel', 'legal', 'involve', 'fraud']"
6036,opt immigration consultant pt 2 part2 learning canada immigration consulting,"['consultant', 'canada', 'learning']"
6037,booklovers enjoy historicalfiction womensfiction women remain strong despite obstacles disabilityrights immigration shall shatter pre order independent bookstore amazon b amp n,"['women', 'amazon', 'booklover', 'enjoy', 'remain', 'strong', 'obstacle', 'shatter', 'independent']"
6038,xvo trust r plenty grown folk dancing front white people historically whiteowned us refuse effective immigration dark people,"['trust', 'folk', 'dancing', 'historically', 'refuse', 'effective', 'dark']"
6039,protest xenophobia goes ahead court overturns ban via news xenophobia immigration,"['protest', 'phobia', 'overturn', 'ban']"
6040,want study canada apply upcoming intake information visit call us bestway overseas educators sco 218 219 3rd floor sector 34a chandigarh call 91 8283850002 visacounselling immigration immigrationconsultant studyvisa canada,"['canada', 'apple', 'chandigarh', 'study', 'intake', 'information', 'educator', 'sector']"
6041,want study canada apply upcoming intake information visit call us bestway global connect sco 218 219 3rd floor sector 34a chandigarh call 91 9023677999 visacounselling immigration immigrationconsultant studyvisa canada gapaccepted,"['canada', 'apple', 'chandigarh', 'study', 'intake', 'information', 'connect', 'sector']"
6042,urgent requirement leading farm company canada quebec call 91 7347247189 8146947189 0183 5096189 workincanada canada studyincanada immigration canadavisa canadaimmigration immigrationcanada expressentry canadarimmigra,"['canada', 'urgent', 'requirement', 'leading', 'farm']"
6043,us embassy nepal please interviews dv2022 dv winner 3802 waiting 2nl pls help dv2022winners dv2022 savediversityvisa immigration,"['nepal', 'interviews', 'win', 'help']"
6044,wish settle canada become smoother kang immigration contact us immigrationcanada immigratetocanada studypermit studyincanada workpermit businessinvestment expressentry2022 immigrationconsultant immigration abroad visaservices lima,"['canada', 'lima', 'wish', 'settle', 'smoother']"
6045,fun sydney visitors appreciate quality melbourne food melbourne rich culture sydney better balanced climate transportation passengers melbourne regular immigration visa visayab,"['sydney', 'quality', 'melbourne', 'food', 'transport', 'fun', 'appreciate', 'rich', 'culture', 'better']"
6046,alert immigration froud call us 91 9974253030 ajmeralawgroup prashantajmera greencard usa immigrationconsultant immigration residencyandcitizenship usagreencard residencyandcitiznshipbyinvestment eb5 eb5visa usaindians,"['usa', 'alert']"
6047,couple immigration activists said way russianukrainianwar situation ukraine unitedstates take one million ukrainian refugees,"['ukraine', 'situate']"
6048,want instant option settling canada contact experts today immigrationcanada immigratetocanada studypermit studyincanada workpermit businessinvestment expressentry2022 immigrationconsultant immigration abroad visaservices overseas education,"['canada', 'instant', 'education']"
6049,asked even welders made list studyabroad education ielts study internationalstudents studyvisa highereducation visa studyinusa students studygram scholarship uk immigration college studentlife studya,"['welder', 'education', 'study', 'student', 'scholarship']"
6050,great news canada open tourist connect us get visa canada immigrationcanada immigratetocanada studypermit studyincanada workpermit businessinvestment expressentry2022 immigrationconsultant immigration abroad visaservices,"['canada', 'great', 'tourist', 'connect']"
6051,111 years ago triangleshirtwaistfire started labor protections rights movement today freetrade globalists undoing gained w offshore outsourcing high immigration levels f1 opt h1b h2b etc,"['protection', 'movement', 'undoing', 'gained', 'offshore', 'outsource', 'high']"
6052,asked even welders made list studyabroad education ielts study internationalstudents studyvisa highereducation visa studyinusa students studygram scholarship uk immigration college studentlife studyabroadlife nigeria ghana liberia,"['nigeria', 'ghana', 'liberia', 'welder', 'education', 'study', 'student', 'scholarship']"
6053,march 24 manitoba invited 191 candidates provincial nominee program candidates want migrate manitoba apply permanent residence manitoba provincial nominee program information call us 91 9871383058 immigration pnp,"['apple', 'permanent residence', 'invited', 'provincial', 'nominee', 'migrate', 'information']"
6054,tv film production companies apply work permits canada connect us today immigrationcanada immigratetocanada studypermit studyincanada workpermit businessinvestment expressentry2022 immigrationconsultant immigration abroad visaservices overseas,"['tv', 'apple', 'canada', 'production', 'work', 'permit', 'connect']"
6055,ircc aims resume fswp cec invitations spring visit website visit blogs expressentry2022 expressentrycrs expressentry orisvisas orisvisasexpressentry orisvisasinvitesexpressentry immigration,"['aim', 'resume', 'invitation', 'spring']"
6056,acquire canada student visa effortlessly kang immigration boom career give us call today immigrationcanada immigratetocanada studypermit studyincanada workpermit businessinvestment expressentry2022 immigrationconsultant immigration,"['canada', 'acquire', 'student', 'effortlessly', 'boom', 'give']"
6057,want study canada choose right university amp course kickstart career get best professional guidance evol evolgroups groups vadodara studyvisa studyabroad canada studentvisa visa ielts immigration studyincanada australia canadavisa study,"['canada', 'vadodara', 'australia', 'study', 'choose', 'kickstart', 'best', 'professional', 'guidance']"
6058,study canada choose right university amp course kickstart career evol evolgroups groups vadodara studyvisa studyabroad canada studentvisa visa ielts immigration studyincanada australia canadavisa study education studyoverseas studyinaustralia,"['canada', 'vadodara', 'australia', 'study', 'choose', 'kickstart', 'education']"
6059,canada immigration website evol evolgroups groups vadodara studyvisa studyabroad canada studentvisa visa ielts immigration studyincanada australia canadavisa study education studyoverseas studyinaustralia overseaseducation,"['canada', 'vadodara', 'australia', 'study', 'education']"
6060,get canada pr work permit canadaimmigration canada immigration canadavisa studyincanada expressentry canadapr visa immigrationconsultant studyabroad ielts workpermit studentvisa immigrationlawyer studyvisa pnp immigrationcanada permanentresidency expressentry,"['canada', 'work', 'permit']"
6061,express entry ircc aims resume fswp cec invitations spring achintyaimmigration expertise provide consultancy visa clearance documentation data management processing migration either india abroad mondaymotivation immigration visa oscars,"['india', 'express', 'aim', 'resume', 'invitation', 'spring', 'expertise', 'provide', 'clearance', 'documentation', 'management']"
6062,immigration canada backlog grows 1 84 million immigrationcanada immigratetocanada studypermit studyincanada workpermit businessinvestment expressentry2022 immigrationconsultant immigration abroad visaservices overseas education learning knowledge students,"['canada', 'backlog', 'education', 'learning', 'knowledge', 'student']"
6063,eligible migrate canada contact us help amp guide 91 8882599623 info com canadapr canada canadaimmigration immigration canadavisa expressentry visa pnp studyabroad workpermit,"['canada', 'eligible', 'migrate', 'help', 'guide', 'info']"
6064,get canadian citizenship parent canadian check eligibility immigration canada canadaimmigration migration movetocanada canada2022 canadian citizenship,"['canada', 'citizenship', 'eligibility']"
6065,ontario quebec manitoba bc release immigration draw results check eligibility immigration canada canadaimmigration migration movetocanada canada2022 pnpdraw ontario quebec manitoba britishcolumbia,"['canada', 'release', 'draw', 'eligibility']"
6066,ircc aims resume fswp cec invitations spring visit website visit blogs expressentry2022 expressentrycrs esseindia esseindiaexpressentry esseindiainvitesexpressentry immigration abroadjob,"['aim', 'resume', 'invitation', 'spring']"
6067,ircc back 12 month processing spousal sponsorship applications check eligibility immigration canada migration movetocanada canada2022 canadaimmigration spousal sponsorship,"['canada', 'spousal', 'sponsorship', 'application', 'eligibility']"
6068,wishing sponsor belongings canada make call us obtain sponsorship letter seamlessly immigrationcanada immigratetocanada studypermit studyincanada workpermit businessinvestment expressentry2022 immigrationconsultant immigration abroad,"['canada', 'sponsor', 'obtain', 'sponsorship']"
6069,change status study work permit ease accompanying kang immigration connect us today immigrationcanada immigratetocanada studypermit studyincanada workpermit businessinvestment expressentry2022 immigrationconsultant immigration abroad,"['status', 'study', 'work', 'permit', 'ease', 'accompanying', 'connect']"
6070,planning getting visa new country let us take care application process contact us 876 346 0066 go visit website visaservices immigration visas phoenixtravel travel,"['country', 'care', 'application', 'process', 'travel']"
6071,bal partner lynden melmed testified senate last week emphasizing wait time employment based immigrants get green card tipping point read full testimony immigration globalmobility greencards,"['bal', 'partner', 'senate', 'emphasize', 'wait', 'employment', 'immigrants', 'green', 'tip', 'testimony']"
6072,thinking apply spouse visa call us discuss subclass 820 801 connect2study 02 7805 4030 0433 006 249 australiavisa australia visa studentvisa studyvisa studyabroad studyinaustralia ielts visitorvisa immigration,"['apple', 'australia', 'spouse', 'discuss']"
6073,surveys immigration policies suggest canadians prefer refugees others via cdnimm cdnpoli senca,"['survey', 'policies', 'suggest', 'prefer']"
6074,brainer migrant country least 5 years keep nose clean pay taxes contribute society deported migration migrants immigration,"['country', 'clean', 'taxes', 'contribute', 'deport']"
6075,part immigration lawyer advocate watch president discuss legislative priorities aila staff get ready ailanda22 next month,"['staff', 'advocate', 'discuss', 'legislative', 'priority', 'ail', 'ready']"
6076,population growth increases demand housing immigration canada cdnpoli,"['canada', 'population growth', 'demand']"
6077,focus sri lankan woman dying agony disregarded japan immigration center srilankan,"['woman', 'japan', 'focus', 'agony', 'disregarded']"
6078,ashamed broken immigration laws treat contributing humans like,"['ashamed', 'broken', 'laws', 'treat', 'contribute', 'humane']"
6079,illuminati council foreign relations democrat party tactics past present learn enemy immigration revolutions racism newworldorder globalization democrats illuminati fifthcolumn,"['party', 'tactic', 'present', 'learn', 'enemy', 'revolution', 'racism', 'globalization']"
6080,intra company transfer ict canada pr pathway ict canada immigration,"['canada', 'intra', 'pathway']"
6081,much enjoyed interview sophia jord n wallace immigration public opinion us hosts,"['enjoy', 'host']"
6082,dhs puts call employees volunteer southern border amid large numbers migrants fox news immigration,"['puta', 'employees', 'volunteer', 'southern', 'amid', 'large', 'foxe']"
6083,elsalvador declares state emergency spike gang killings immigration,"['declare', 'emergency', 'spike', 'gang', 'killing']"
6084,book gti eligibility check spots available week immigration,"['book', 'spot', 'eligibility', 'available']"
6085,immigration reversal kiwibank expects net 20 000 people leave nz year newzealand immigration via,"['reversal', 'expect']"
6086,embarrassed canadian canada trudeau health cbsa immigration novascotia never angry disappointed canadian turned away canada us border could show negative covid test 6 hours later still received call,"['canada', 'embarrass', 'trudeau', 'health', NOT 'angry', 'disappointed', 'negative', 'covid', 'test', 'receive']"
6087,immigration asylum false hope refugee charity attacks uk homes ukraine scheme,"['ukraine', 'false hope', 'asylum', 'charity', 'attack', 'scheme']"
6088,enjoy historicalfiction stories disabilityrights immigration loveispower thankful early reviews shall shatter pre order independent bookstore amazon b amp n,"['amazon', 'enjoy', 'shatter', 'independent']"
6089,thank bringing attention immigration immigrationandasylum migrationeu,"['thank', 'bringing', 'attention']"
6090,talking recently immigration ukimmigration immigrationandasylum immigrants ukvisa uk,"['recent', 'immigrants']"
6091,office kept filing motions got expedited hearing ij client would age keep fighting covid 19 continuances immigration eoir representation,"['motions', 'fighting', 'covid', 'continue', 'representation']"
6092,lot design divide conquer techniques blm immigration destruction small businesses economy lockdown restrictions finally wars complete control food energy resources taken pure evil riseup,"['food', 'energy resource', 'pure evil', 'design', 'divide', 'conquer', 'destruction', NOT 'businesse', 'economy', 'restrictions', 'control']"
6093,immigration wasted 80000 green cards backlog 1 2 million eb gc condidered breaking law interest cover main stream media,"['wasted', 'green', 'backlog', 'interest', 'cover', 'main', 'stream']"
6094,canada beautiful canada always beautiful canada canadasoccer canadareads immigration immigrationmatters beauty peace love harmony tranquility,"['canada', 'beautiful', 'beauty', 'peace', 'love', 'harmony', 'tranquility']"
6095,british railway stations redesigned beh british railwaystations immigration suicide southasian,"['railway', 'redesigned', 'suicide']"
6096,media ponder immigration amp racism afriphobia 2 countries voted b bulk countries abstained dec 2021 un resolution combating glorification nazism neo nazism practices contribute fuelling contemporary forms racism racial,"['country', 'neo nazism', 'ponder', 'racism', 'phobia', 'voted', 'bulk', 'resolution', 'glorification', 'nazism', 'contribute', 'fuelling', 'contemporary', 'racial']"
6097,pleasure part legislative briefing ii covid 19 road recovery panel latino unity day earlier week able share legislative priorities general session 2022 covid immigration legislation twill,"['pleasure', 'legislative', 'brief', 'covid', 'recovery', 'panel', 'unity', 'share', 'priority', 'session', 'legislation']"
6098,sagradafamiliaimmigrante mural albergue san oscar romero journey migrantsandrefugees long one donations help people access care need donate help albergue san oscar romero stjudeleague immigration,"['mural', 'journey', 'donation', 'help', 'access', 'care', 'donate']"
6099,many wealthy russians keen immigrating israel turkey uae also vie oligarch investment russianoligarchs immigration investments,"['israel', 'turkey', 'wealthy', 'keen', 'immigrate', 'oligarchy', 'investment']"
6100,mar elvira salazar american journalist author politician serving u representative florida 27th congressional district republican assistant whip republican immigration dreamer tuckercarlsonisaracist foxnewshatesamerica,"['florida', 'congressional district', 'journalist', 'representative', 'publican', 'assistant', 'whip', 'dreamer']"
6101,happy nowruz nowruz eb5 eb5visa immigration investment regionalcenters reauthorization,"['happy', 'investment', 'authorization']"
6102,correct immigration,['correct']
6103,undocumented worker fight via vamos leer readyourworld middlegrade picturebook immigration latinx,"['worker', 'fight', 'leer']"
6104,money follow talent toronto quietly booming tech town canada largest city fourth largest north america seeing biggest tech expansion rivalling new york silicon valley talent immigration diversity,"['new york', 'toronto', 'tech', 'canada', 'city', 'large city', 'money', 'follow', 'talent', 'quietly', 'large', 'big', 'expansion', 'rival', 'silicon', 'diversity']"
6105,volume refugees fleeing war ukraine straining immigration documentation systems countries like denmark poland prompted canada send mobile biometrics kits immigration offices europe expedite application,"['ukraine', 'country', 'denmark', 'poland', 'canada', 'volume', 'war', 'straining', 'documentation', 'prompt', 'biometrics', 'kit', 'expedite', 'application']"
6106,key reminders harrison productive economy produce w hours worked amp current productivity boosting tech spending stems ptly laborshortages e immigration needed healthy growth,"['tech', 'key', 'reminder', 'productive', 'economy', 'work', 'productivity', 'boosting', 'needed', 'healthy', 'growth']"
6107,immigrant tweeps h1 b documents finding hard come decision got citizenship last year immigration,"['immigrant', 'hard', 'decision', 'citizenship']"
6108,false hope refugee charity attacks uk homes ukraine scheme immigration asylum guardian,"['ukraine', 'false hope', 'charity', 'attack', 'scheme', 'asylum', 'guardian']"
6109,safe routes save lives good national security trust tories security labour saferoutes immigration refugees ukraine afghanistan patelout,"['ukraine', 'afghanistan', 'safe', 'route', 'save', 'live', 'good', 'security', 'trust']"
6110,covid 19 pandemic canadian government repeatedly advised people avoid nonessential travel writes continue deport thousands people immigration deportation,"['covid', 'pandemic', 'govern', 'repeatedly', 'avoid', NOT 'essential', 'travel', 'write', 'continue', 'deport', 'deportation']"
6111,dear something medicare socialsecurity plumbing house fixed need repairedeveryyear maybe spend time fixing things fixed leave roe amp 2a alone work immigration childcare implement infrastructure,"['house', 'fixed', 'spend', 'fixing', 'work', 'childcare', 'implement', 'infrastructure']"
6112,biden bragged front world america open lawless southern border bidenimmigrationpolicy bordercrisis immigration nato,"['bide', 'brag', 'lawless', 'southern']"
6113,undocumented immigrants deserve affordable healthcare much anyone else health immigration equity4life,"['immigrants', 'deserve', 'afford', 'healthcare', 'health']"
6114,really proud brilliant worth marine branch overnight working coastal radar police press immigration interception 2 vessels haiti details come,"['haiti', 'proud', 'brilliant', 'worth', 'marine', 'work', 'coastal', 'radar', 'policy', 'interception', 'detail']"
6115,studentvisa immigration usa paymentaftergettingvisa without ielts,"['usa', 'without']"
6116,whether planning immigrate canada temporary worker permanent resident visit latest news updates information tips see immigration journey newcanadians cdnimm immigration expressentry,"['canada', 'permanent resident', 'temporary worker', 'immigrate', 'latest', 'update', 'information', 'tipsy', 'journey']"
6117,visacrunch canada immigration massive backlog 2 million affect international students read canada cec covid19 fwsp immigration internationalstudents ircc labourshortages pgwp seanfraser statisticscanada vaccination,"['canada', 'backlog', 'affect', NOT 'ternate', 'student', 'covid', 'vaccine']"
6118,spot 5 differences immigration refugees,['spot']
6119,politics government immigration immigrants ice gt ice continues abuse traumatize biden immigrants fighting back via,"['govern', 'immigrants', 'continue', 'abuse', 'trauma', 'bide', 'fighting']"
6120,comprehensive case management system immigration case try free immigration casemanagement lawfirms software immicompliance immigrationattorneys,"['comprehensive', 'management', 'try', 'free']"
6121,israel israeli government implemented new regulation hi tech work visa allowing companies hire certain students recent graduates hi tech professionals learn immigration globalmobility hr,"['israel', 'tech', 'hi tech', 'govern', 'implement', 'regulation', 'work', 'allowing', 'student', 'recent', 'graduate', 'professional', 'learn']"
6122,starting solo law practice share video legal advice consult attorney attorney advertisement immigrationpractice immigrationattorney podcaster lawyer immigrationlawyer interview immigration,"['legal advice', 'solo', 'share', 'attorney', 'advertisement']"
6123,karolinska institute nobel prize awarding scientist warns infertility caused electrosmog wireless society depleting population italians resulting need immigration uphold population thus society wednesdaywisdom 5g,"['institute', 'prize', 'warns', 'infertility', 'causa', 'wireless', 'deplete', 'population', 'uphold']"
6124,today chartered plane fly paraguay fertile land many opportunities hnwi namerica europe asia consider country way underrated immigration investment agriculture residence farmland auswandern planb pyg guarani,"['paraguay', 'country', 'agriculture', 'fertile land', 'charter', 'plane', 'fly', 'consider', 'underrate', 'investment', 'farmland']"
6125,heard emerging strand latinidad amp latinopolitics florida get unique insight analysis puertoricans immigration attitudes critical election2016,"['florida', 'emerging', 'strand', 'unique', 'insight', 'analysis', 'critical']"
6126,apply canada business visa contact elfin immigration inc information 647 395 5283 info com elfinimmigration canadabusinessvisa canada businessvisa visitorvisa ontario brampton canadaimmigration immigration,"['apple', 'canada', 'elfin', 'information', 'info']"
6127,sunday open call us today immigration needs 262 764 5036 p represent clients worldwide immigration visa studyabroad immigrationlawyer usa studentvisa tps usimmigration immigrants studyinusa vawa,"['usa', 'needy', 'present', 'clients', 'worldwide', 'immigrants']"
6128,opt immigration consultant part1 learn canada immigration consulting,"['consultant', 'canada', 'learn']"
6129,explain like kindergartener come accept 100 000 ukrainians 30 000 haitians immigration refugeeswelcome,"['explain', 'kindergartener', 'accept']"
6130,targeted harassment l hate vs group disability disabilitytwitter disabled hate vs groups l africans nigerian immigration xenophobia homophobia lgbtq suspicious account propaganda psyop op0h8,"['harassment', 'hate', 'group', 'disability', 'disabled', 'phobia', 'suspicious']"
6131,grad reading need new names noviolet bulawayo unflinching powerful story displacement immigration told child eyes following darling journey zimbabwe america booktwt litfic contemporary comingofage immigration,"['bulawayo', 'zimbabwe', 'powerful', 'displacement', 'tolde', 'child', 'follow', 'darling', 'journey', 'contemporary']"
6132,tick immigration news manitoba pnp selected 191 candidates issuing loa apply canada pnp march 24 2022 observed invites issued three mpnp streams get touch amp share cv free evaluation assessment call 92 3332233804,"['apple', 'canada', 'tick', 'issuing', 'invite', 'issued', 'stream', 'touch', 'share', 'free', 'evaluation', 'assessment']"
6133,courage political courage requires hard thing even seems unpopular need immigration get base back,"['courage', 'political', 'hard', 'unpopular']"
6134,us vs sentiments common public school systems growing numbers immigrants reality influx immigrant students helps rather hurts academic performance native born peers mana immigration education,"['sentiment', 'growing', 'immigrants', 'reality', 'influx', 'immigrant', 'student', 'help', 'hurts', 'academic', 'native', 'born', 'education']"
6135,thank encouraging labour voters arrive everyday immigration costoflivingcrisis,"['thank', 'encouraging', 'arrive']"
6136,top 3 questions get clients immigration canada questions send message contact us link migration ca work caimmigration immigration canada instaimmigration citizenship dvlottery,"['canada', 'top', 'clients', 'link', 'work', 'citizenship']"
6137,elected democrats 2020 stop trump cruel immigration policies instead gave even money take action sign petition demanding cut funding ice cbp coming budget defundhate immigration,"['stop', 'cruel', 'policies', 'money', 'petition', 'demanding', 'cut', 'funding']"
6138,countryside new brunswick canada autumn photo credits vincent st thomas canada nature sky shorts thinknewbrunswick immigration tnbcommunity instatnb thinknb canada africa nigeria india southasia city instatravel travelling sky amazing sunset,"['canada', 'shorts', 'nigeria', 'india', 'city', 'autumn', 'credit', 'nature', 'sky', 'travel', 'amaze', 'sunset']"
6139,el paso immigration attorney raises concern biden change asylum process daca immigration immigrationreform joebiden elsalvador mexico venezuela guatemala asylum tps visas citizenship gop migrants ice borderpatrol,"['el paso', 'mexico', 'venezuela', 'guatemala', 'attorney', 'raises', 'concern', 'bide', 'asylum', 'process', 'dacer', 'citizenship']"
6140,analysis impermanence nation canada growing reliance temporary residents meet labor needs canada cdnpoli immigration,"['canada', 'analysis', 'impermanence', 'nation', 'growing', 'reliance', 'temporary', 'needy']"
6141,happy mother day banking finance privateequity fundraising fundstructuring disputeresolution realestate intellectualproperty labor employment immigration estateadministration probates companysecretary regulatory compliance lawf,"['regulatory compliance', 'happy', 'moth', 'real', 'employment']"
6142,surely incompetence need pointing painfully bloody obvious pretty much everything goes around patch botch botch metpolice immigration refugees france afghanistan ukraine,"['france', 'afghanistan', 'ukraine', 'surely', 'incompetence', 'painfully', 'bloody', 'obvious', 'patch', 'botch']"
6143,global companies mulling changes immigration route uk well wrestling implications increasing demands remote working arrangements among international staff remoteworking immigration,"['staff', 'increasing demand', 'mull', 'route', 'implication', 'remote', 'work', 'arrangements', NOT 'ternate']"
6144,carnell country get serious opposition america adventures abroad destabilizes countries sends going problem bordercrisis haiti immigration breakingbrown vid 1 2x,"['country', 'haiti', 'carnel', 'opposition', 'adventure', 'destabilize', 'problem']"
6145,b rgen episode 23 right shade brown amp issue integration denmark europe immigration migrants paternalism,"['denmark', 'issue', 'integration', 'paternalism']"
6146,wretched refuse teeming shore send homeless tempest tost lift lamp beside golden door emma lazarus placard statue liberty immigration,"['door', 'wretched', 'refuse', 'teem', 'shore', 'tempest', 'lift', 'golden', 'placard', 'statue', 'liberty']"
6147,inflation 7 9 gas 4 gallon record number illegal border crossings results curse yes curse terrible leftist spending environmental immigration policies bidenflation buildbackbroke,"['inflation', 'gas', 'gallon', 'record', 'illegal', 'curse', 'yes', 'terrible', 'leftist', 'environmental', 'policies']"
6148,need safe fair beneficial legal immigration fair everyone world wants come especially fair beneficial americans immigration,"['safe', 'fair', 'beneficial', 'legal']"
6149,brillo pad sales hungary croatia european nations changed immigration policies ukrainian refugees activists applauded shift also warning discrimination migrants afghanistan middleeast africa,"['hungary', 'croatia', 'afghanistan', 'brillo pad', 'sales', 'nations', 'policies', 'applaude', 'shift', 'warning', 'discriminate']"
6150,stories hongkongers facing difficult stage decide one way ticket hong kong family journey one way part 1 standwithhongkong nationalsecuritylaw uk bno hongkong immigration china,"['hong kong', 'china', 'difficult', 'stagey', 'decide', 'family', 'journey']"
6151,exclusionary immigration laws practices stripping asian americans particularly women substantive citizenship rights full political participation 150 years aapi immigration atlanta,"['women', 'atlanta', 'exclusionary', 'laws', 'strip', 'particular', 'substantive', 'citizenship', 'political', 'participate']"
6152,doj announces charges pennsylvania man immigration fraud identity theft find latest post law immigration law blog immigration matters immigration crime,"['pennsylvania', 'man', 'identity theft', 'announces', 'fraud', 'latest', 'crime']"
6153,canada ranks 8th list countries privately owned wealth full article canadanews immigration immigrationnews cdnimm narcitycanada italy countries privately wealth canada toronto vancouver cisnews,"['canada', 'country', 'italy', 'toronto', 'vancouver', 'owned', 'wealth', 'full']"
6154,greatest time meet b c goat rides horseback full article canadanews immigration immigrationnews blogto dailyhive curiocitycanada ctv cbc shaping friendship time greatest canada toronto vancouver cisnews,"['canada', 'toronto', 'vancouver', 'great', 'goat', 'ride', 'horseback', 'full', 'shaping', 'friendship']"
6155,universities canada plan person convocation ceremonies lengthy hiatus full article canadanews immigration immigrationnews blogto dailyhive hiatus universities university ceremonies canada toronto vancouver cisnews,"['canada', 'person', 'toronto', 'vancouver', 'convocation ceremony', 'lengthy', 'hiatus', 'full', 'ceremony']"
6156,immigration qt faqs 088 borderobserver posted 4 mar 2021,"['N', 'o', ' ', 'c', 'o', 'n', 'c', 'e', 'p', 't', 's', ' ', 'd', 'e', 't', 'e', 'c', 't', 'e', 'd']"
6157,iranian american astronaut selected travel space station full article canadanews immigration immigrationnews cdnimm narcitycanada blogto dailyhive curiocitycanada american iranian nasa canada toronto vancouver cisnews,"['canada', 'toronto', 'vancouver', 'travel', 'full']"
6158,canada low cost airline 55 sale flights starting 15 full article canadanews immigration immigrationnews curiocitycanada ctv cbc sanfrancisco flair flights airline canada toronto vancouver cisnews,"['canada', 'toronto', 'vancouver', NOT 'cost', 'airline', 'sale', 'flighty', 'full', 'flair']"
6159,canadians likely positive outlook canada prospects immigrants immigrants thegrassisneverreallygreener canada life perceptions immigration challenges benefits politics media via,"['canada', 'positive outlook', 'prospect', 'immigrants', 'percept', 'challenges', 'benefits']"
6160,make sure sign newsletter website miss new updates american dream law office ready start american dream journey call us 1 888 96 dream americandreamlaw immigration immigrationattorney,"['sure', 'newsletter', 'update', 'dream', 'ready', 'journey']"
6161,uk bans entry 2019 continue watching video click link holi spring viral worldwar3 russiainvadesukraine ukimmigrationnews trending immigrationupdate immigrationchanges uk immigration uksettlement ilr ukvisa update homeoffice,"['bane', 'continue', 'click', 'link', 'holy', 'spring', 'trending', 'update']"
6162,home office caseworker guidance holi spring viral worldwar3 russiainvadesukraine ukimmigrationnews trending immigrationupdate immigrationnews immigrationchanges uk immigration uksettlement ilr ukvisa ukimmigrationapplication ukvisaroutes ukspousevisa,"['home', 'guidance', 'holy', 'spring', 'trending']"
6163,gbnews thepoliticalcorrection immigration refugees gbnews keeps papering real issues vast silent majority turn may elections invaded working class native folk furious,"['papery', 'issues', 'silent', 'majority', 'turn', 'work', 'native', 'folk', 'fury']"
6164,migrants scapegoated amp cannon fodder politicians piece sensible ideas good immigration policy would look like would add immigration needs managed neutral body depoliticised,"['scapegoat', 'cannon', 'fodder', 'sensible', 'ideas', 'good', 'policy', 'add', 'needy', 'neutral', NOT 'politicise']"
6165,new book review live may first disappointment parisbystarlight robertdinsdale fiction fantasy fantasy fairytale romance immigration family refugees,"['book', 'live', 'disappointment', 'fiction', 'fantasy', 'fairytale', 'romance', 'family']"
6166,russians also got banned overnight cannot get new citizenship need advice solutions please contact us citizenship investment passport immigration,"['citizenship', 'advice', 'solution', 'investment']"
6167,minimum wage top cities canada speak immigration experts immigration canadavisa expressentry immigrationconsultant visa studyabroad ielts immigrationconsultants immigrationtocanada sayhomecanadaimmigration,"['canada', 'minimum', 'wage', 'top']"
6168,think forgotten represent us people united states homelessness schools housingcost gasprices groceries bordercountrol immigration mandates hunger,"['forgotten', 'present', 'homelessness', 'schools', 'grocery', 'mandy', 'hunger']"
6169,minimum wage top cities canada speak immigration experts immigration canadavisa expressentry immigrationconsultant visa studyabroad ielts immigrationconsultants immigrationtocanada sayhomecanadaimmigration ontario nigeria nigerian brampton,"['canada', 'nigeria', 'minimum', 'wage', 'top']"
6170,support admin desire reduce immigration court backlog final version rule panacea fix fundamental challenges facing us asylum system hias responds plans overhaul u asylum system,"['support', 'desire', 'reduce', 'backlog', 'rule', 'panacea', 'fix', 'fundament', 'challenges', 'asylum', 'respond', 'plane', 'overhaul']"
6171,posted barragan human illegal se orb dreamer daca undocumented undocumentedandunafraid brownissues immigrationissues immigrationisahumanright immigration,"['illegal', 'orb', 'dreamer', 'dacer']"
6172,grant canadastudyvisa macroglobalmoga team congratulates jashandeep kaur enrolled st lawrence college course marketing amp recruitment manager call 87250 20904 gurmilapsinghdalla canada successstory studyincanada immigration expertadvice,"['canada', 'grant', 'congratulate', 'enroll', 'recruitment']"
6173,ps blame people questions pose issue immigration either,"['blame', 'pose', 'issue']"
6174,hk experienced anti send china campaign national security act new wave immigration triggered uk received 34 000 applications first quarter year within 5 years 300 000 hong kong people arrive uk,"['hong kong', 'china', 'new wave', 'experienced', 'security', 'act', 'receive', 'application', 'within', 'arrive']"
6175,zani max 3 years maximum possible h4ead shocking called immigration friendly administration done single thing cut inefficient unnecessary processing steps,"['joy', 'possible', 'head', 'shocking', 'friendly', 'administration', 'cut', 'inefficient', 'unnecessary']"
6176,please help case immigration immigrants immigrant inmigrantes inmigraci n miami,"['help', 'immigrants', 'immigrant']"
6177,leaked video black migrants endure us detention immigration immigrantrights immigrationjustice,"['leaked', 'endure', 'detention']"
6178,investment immigration nuggets fdis amp hnis foreigninvestments canada ontariocanada manitobacanada hni fdi crypto immigration canadianpr investmentimmigration,"['canada', 'investment', 'nuggets']"
6179,alive past year see done gasprices inflation southernborder afganistan immigration etc etc,"['alive', 'inflation']"
6180,sigapore singaporean government announced ease covid 19 entry health requirements april 1 read immigration globalmobility hr,"['govern', 'announced', 'ease', 'covid', 'health', 'requirement']"
6181,siliconvalley south pacific grand dream pipe dream newzealand tech educationquality immigration fonseka via,"['tech', 'pipe dream', 'pacify', 'grand', 'dream']"
6182,rnip rural northern immigration pilot get information apply job particular community eligibility,"['apple', 'rural', 'information', 'job', 'community', 'eligibility']"
6183,subscribe new canadians channel latest canada immigration programs related settlement features job search advice immigrant success stories newcanadians cdnimm immigration success canada,"['canada', 'feature', 'job search', 'subscribe', 'latest', 'settlement', 'advice', 'immigrant', 'success']"
6184,new mexico renamed old mexico immigration,"['new mexico', 'mexico', 'old']"
6185,fwiw democrats left iiraira immigration bars place 25 years democrat signed law 1996 iirairadestroysfamilies,['place']
6186,watch aila president discuss recent immigration news wjla including white house commitment ukrainian refugees,"['house', 'ail', 'discuss', 'recent', 'commitment']"
6187,adequate case management immicompliance immigration casemanagement lawfirms attorney software immicompliance immigrationattorneys,"['adequate', 'management', 'attorney']"
6188,available vinzenz kratzer analyses federal office research output 2005 2015 joint perspective ethnography political science governmental migration research germany immigration,"['germany', 'available', 'vine', 'kratz', 'anal', 'federal', 'research', 'output', 'perspective', 'political', 'science', 'govern']"
6189,top ten facts canada rural northern immigration pilot program rural rnip ruralcanada ruralpilot immigrationpilot pilotprogram canadaimmigration immigration canada communities,"['canada', 'top', 'rural', 'community']"
6190,immigration title42 amp discrimination brown black asylum seekers ukrainians considered 4 asylum u border despite pandemic restrictions black brown migrants racism mexicans,"['asylum seeker', 'discriminate', 'asylum', 'pandemic', 'restrictions', 'racism']"
6191,canada canadian government launched canada ukraine authorization emergency travel cuaet program ukrainian nationals learn immigration globalmobility hr,"['canada', 'ukraine', 'govern', 'authorization', 'emergency', 'travel', 'learn']"
6192,nearly 200 afghan children brought without family u government haphazard military pullout languishing federal custody immigration,"['brought', NOT 'family', 'govern', 'haphazard', 'pullout', 'languishing', 'federal', 'custody']"
6193,mass communication around twitter amp facebook google immigration twitter facebook instagram snapchat tiktok whatsapp telegram australia auspol,"['whatsapp', 'telegram', 'australia', 'communication']"
6194,social media end blaming folllowers immigration twitter facebook instagram snapchat tiktok whatsapp telegram auspol,"['whatsapp', 'telegram', 'social', NOT 'blaming', 'follower']"
6195,looks like eu also double standards refugees usa war exposed collective shadow racist nationalist xenophobic sentiments immigration eu racism,"['usa', 'war', 'exposed', 'collective', 'shadow', 'racist', 'nationalist', 'phobia', 'sentiment', 'racism']"
6196,weaponize immigration invite russian techies emigrate need young russia needs even bleak future fleeing droves bring strengthen economy amp demographics bleed russia,"['russia', 'weapon', 'invite', 'techie', 'young', 'needy', 'bleak', 'strengthen', 'economy', 'demographics', 'bleed']"
6197,please post saturday open call us right immigration needs 262 764 5036 p represent worldwide immigration visa studyabroad immigrationlawyer usa studentvisa tps usimmigration immigrants dreamers,"['usa', 'needy', 'present', 'worldwide', 'immigrants', 'dreamer']"
6198,march 17 2022 us embassy pakistan limited immigrant visa issues due covid 19 issues per website law immigration,"['pakistan', NOT 'immigrant visa', 'issues', 'covid']"
6199,hiring canadian museum immigration hiring public programs community engagement coordinator aziz aziz,"['community engagement', 'museum', 'coordinate']"
6200,indonesia indonesian government eased certain covid 19 entry requirements fully vaccinated travelers read immigration globalmobility hr,"['indonesia', 'govern', 'ease', 'covid', 'requirement', 'vaccine', 'travel']"
6201,united kingdom immigration,['united kingdom']
6202,recently albergue san oscar romero able assist family guatemala navigated entering u donate help albergue san oscar romero offer vital support migrantsandrefugees stjudeleague casasanoscarromero immigration,"['guatemala', 'recent', 'assist', 'family', 'navigate', 'entering', 'donate', 'help', 'offer', 'vital', 'support']"
6203,know connected ton lawyers anyone pro bono immigration,"['connect', 'ton', 'pro']"
6204,president biden must address humanitarian crisis border end mistreatment immigrants connecticut immigration defundice,"['connecticut', 'bide', 'crisis', NOT 'mistreatment', 'immigrants', NOT 'fundic']"
6205,one progressive left need disentangle ever proper conversation savethenhs refugees immigration patel worked hard conflate economic immigration refugees claiming sanctuary making sure uk trust either,"['making sure', 'progressive', 'disentangle', 'proper', 'conversation', 'patel', 'work', NOT 'conflate', 'sanctuary', 'trust']"
6206,uk high court rules blanket seizure asylum seekers phones breached article 8 echr humanity humanrightsviolations humanrightsabuses immigration refugeeswelcome,"['phone', 'asylum seeker', 'high', 'blanket', 'seizure', 'breach']"
6207,replenish younger segments population means home care health care elderly care general system care going overwhelmed said immigration immigrants economy,"['health care', 'replenish', 'younger', 'segment', 'population', 'home', 'care', 'elderly', 'overwhelmed', 'immigrants', 'economy']"
6208,biden administration thursday issued new asylum processing regulation efforts accelerate asylum deportation process us mexico border immigration mexico,"['mexico', 'bide', 'administration', 'issued', 'asylum', 'regulation', 'accelerate', 'deportation', 'process']"
6209,name drawn h1 b visa yesterday excited grateful relieved cannot stop thinking hundreds thousands internationals seeking employment usa lucky academictwitter teachertwitter immigration,"['usa', NOT 'stop thinking', 'excite', 'grateful', 'relieved', NOT 'ternate', 'employment', 'luck']"
6210,major shake ups u asylum law congress weighs adding business visas catch latest immigration news weekly round attorney william menard blog immigration matters immigration asylum,"['shake', 'asylum', 'add', 'catch', 'latest', 'weekly', 'attorney']"
6211,rape women children become normal europe due mass importation islamic migrants rape finland migrants eu europe sweden metoo crime migpol immigration integration,"['women', 'finland', 'sweden', 'rape', 'normal', 'importation', 'crime', 'integration']"
6212,immigration propanda way american workers anything immigrant workers create jobs wealth well anyone need use people countries use,"['country', 'immigrant', 'create', 'job', 'wealth']"
6213,toughening immigration laws coincided shift immigration europe newcomers latin america asia africa often context racialized debates mana immigration,"['toughen', 'laws', 'coincide', 'shift', 'newcomer', 'racial']"
6214,another cultural enrichment story immigration great rape crime metoo sweden finland women migrants immigration eu europe,"['sweden', 'finland', 'women', 'cultural', 'enrichment', 'rape', 'crime']"
6215,migrations review everyday foreigner excerpt conversations writing identity places call home migration immigration identity,"['place', 'foreigner', 'excerpt', 'identity', 'home']"
6216,perhaps countries want usa open doors immigrants make easier americans hold multiple citizenship amp quicker immigration less 30 days american would instant influx money local economy random,"['country', 'usa', 'daye', 'doors', 'immigrants', 'easier', 'hold', 'citizenship', 'quick', 'instant', 'influx', 'money', 'economy']"
6217,immigration weekly round major shake ups u asylum law congress weighs adding business visas law,"['weekly', 'shake', 'asylum', 'add']"
6218,think people think joke real gets payattention absolute lunacy immigrant love immigration immigration essential many people escape terrible situation provide opportunity jobs safety,"['joke', 'real', 'lunacy', 'immigrant', 'love', 'essential', 'escape', 'terrible', 'situate', 'provide', 'job', 'safety']"
6219,dreamers2gether inc website sisepuede daca linkinmybio immigrants immigrant immigration,"['dacer', 'immigrants', 'immigrant']"
6220,reminds people immigrate would way less immigration people could find great jobs currently live reality people immigrate opportunity love money work jobs employment safety freedom happiness weather lol,"['reminds', 'immigrate', 'job', 'live', 'reality', 'love', 'money', 'work', 'employment', 'safety', 'freedom', 'happy', 'weather', 'lol']"
6221,role immigrant nanny facilitate ideal mother popular imagination comes cost choices makes limited realities encounters regional inequity immigration practices whm,"['immigrant', 'nanny', 'facilitate', 'ideal', 'moth', 'popular', 'imagination', 'cost', 'choice', NOT 'reality', 'encounter', 'inequity']"
6222,yes read right australia provides job opportunities studying completion course call us 91 950 271 8667 precisconsultants studentvisa aboradstudt visa australia happyjourney highereducation immigration studentvisaconsultant,"['australia', 'yes', 'provides', 'job', 'completion']"
6223,australia strongest research pick country study abroad connect us take call us 91 950 271 8667 precisconsultants studentvisa aboradstudt visa australia happyjourney highereducation immigration studentvisaconsultant,"['australia', 'country', 'strong', 'research', 'pick', 'study', 'connect']"
6224,italy italian government extended deadline submitting certain change status applications details immigration globalmobility hr,"['italy', 'govern', 'status', 'application', 'detail']"
6225,immigration law double jeopardy sadly apt,"['jeopardy', 'sadly']"
6226,net gain local activists get ball rolling young immigrants refugees teaching international language soccer edcolo copolitics immigration,"['soccer', 'gain', 'young', 'immigrants', NOT 'ternate']"
6227,visa bulletin april 2022 available inmigracion ciudadania iaco passaicnj immigration citizenship newjersey nuevajersey nonprofitorganization community visabulletin,"['available', 'citizenship', 'community']"
6228,asylum seekers still going back visit homelands obtained refuge sa defrauding us return countries asylum papers countries touch must go shame putsouthafricafirst immigration,"['country', 'asylum seeker', 'homeland', 'refuge', 'defraud', 'turne', 'asylum', 'papery', 'touch', 'shame']"
6229,interesting take el paso massacre language immigration amp assimilation interview w author advocate amp brd member book sound like white girl,"['el paso', 'book', 'girl', 'interest', 'massacre', 'assimilation', 'advocate']"
6230,dear leader benevolent seeing sees people kind children immigration lifeblood people kind progress nothing happy move pleb cdnpolitics immigration,"['leader', 'benevolent', 'lifeblood', 'progress', NOT 'happy', 'move', 'pleb']"
6231,study visa get refuse call us today amp get experts advice info contact us today visa visaplus canadaimmigration canada immigration canadavisa expressentry canadapr studyincanada visa,"['canada', 'study', 'refuse', 'advice', 'info']"
6232,forget follow youtube page videos fill forms dreamers2gether advanceparole daca aos sisepuede immigration inmigraci n,"['forget', 'follow', 'fill', 'dacer']"
6233,miami investment conference cancels keynote address florida gov rondesantis amid objections stances immigration times southern politics menu chickenfriedpolitics com,"['conference', 'florida', 'investment', 'cancel', 'keynote', 'ronda', 'amid', 'objection', 'stance', 'southern']"
6234,mamak spackman going lose count accused building 3 201 mile long borderwall government mexico said got pay governments central america turning backs immigration part controversy,"['mexico', 'lose', 'count', 'accused', 'govern', 'controversy']"
6235,able sit asylum office nigerian female student attorney delivering closing statement nigerian female client moment cherish rest life chizoba kagha 3l lawstudent immigration clinic experience,"['sit', 'asylum', 'student', 'attorney', 'deliver', 'closing', 'cherish', 'rest', 'clinic']"
6236,ontario invited 471 express entry candidates apply provincial nomination march 24 2022 skilled trades draw arborwayimmigration canada immigrantsareessential immigration studyincanada foreignnational expressentry oinp ontario,"['apple', 'canada', 'invited', 'express', 'provincial', 'nomination', 'skilled', 'draw']"
6237,simplest step step immigrate canada india best option immigrationmatters immigration,"['canada', 'india', 'simplest', 'immigrate', 'best']"
6238,american mentality vs middle eastern mentality check usa ukraine russia middleeast mentality woke experience thoughts crt turningpointusa conservatives immigration american,"['usa', 'ukraine', 'russia', 'mentality', 'woke', 'conservative']"
6239,dedicated team immigration lawyers works get results need find help unique case immigration immigrationlawyer canadianimmigration,"['dedicated', 'work', 'help', 'unique']"
6240,operation lone star lacks clear metrics measure accomplishments texas tribune mean abbottlied operationlonestar border immigration drugs shiftingborder,"['texas', 'operate', 'lone', 'star', NOT 'clear', 'metric', 'measure', 'accomplishment', 'drugs']"
6241,bigaudiodynamite bad beyond pale immigration built nation standwithukraine putin khuylo ukraine belarus crimea kyiv,"['ukraine', 'belarus', 'kyiv', 'bad', 'pale', 'nation', 'putin', 'crime']"
6242,congratulations friend colleague laraine schwartz recent retirement 35 year career grateful worked closely honored taking open matters immigration realestate,"['work closely', 'congratulations', 'friend', 'colleague', 'schwartz', 'recent', 'grateful', 'honored', 'real']"
6243,excited hear methodological innovations immigration research fallon marsh amp sarah morehouse sfaa2022 appliedanthropology anthrotwitter,"['excite', 'hear', 'methodological', 'innovation', 'research', 'marsh']"
6244,q amp alice kane baaff springshowcase projectingconnections thesix titanic chineseexclusionact racism immigration chinese passengers,"['china', 'titanic', 'racism']"
6245,manitoba invited 191 canadian immigration candidates apply pn march 24 2022 manitobapnp pnp expressentry pnpdraw skilledworkerstream canadapnp canadapr visalaw imnigrationinsights immigrationcognizance,"['apple', 'invited']"
6246,third issue focus south asia check link read share subscribe share valuable feedback comment section southasia saarc womensday upelection2022 diaspora immigration culture indigenous,"['issue', 'focus', 'link', 'share', 'subscribe', 'valuable', 'feedback', 'comment', 'diaspora', 'culture']"
6247,hiring california policy director build key policy champions provide technical assistance local partners support produce key legislation advance priorities immigration criminal justice health education,"['california', 'directory', 'crime justice', 'technical assistance', 'policy', 'build', 'key', 'provide', 'partner', 'support', 'legislation', 'advance', 'priority', 'health', 'education']"
6248,congratulate mr chintan patel getting canada pr visa approval visit website contact us abu dhabi 971 581 992 545 dubai 971 581 181 827 canada visa pr immigration immigratetocanada canadavisa visaconsultant visacanada,"['abu dhabi', 'canada', 'dubai', 'congratulate', 'patel', 'approval']"
6249,h 1b lottery results started coming immigration,['lottery']
6250,biden administration introduced 3 policy changes aimed expanding opportunities foreign stem graduates amp others migration immigration labor,"['bide', 'administration', 'policy', 'aim', 'graduate']"
6251,nationally ranked clinical program always working something powerful providing students valuable hands experience read immigration humanrights clinic recent work votingrights activist nigeria,"['nigeria', 'ranked', 'clinical', 'work', 'powerful', 'student', 'valuable', 'clinic', 'recent']"
6252,canada travel covid 19 travellers vaccinated april india working immigration requirement,"['canada', 'india', 'travel', 'covid', 'vaccine', 'work', 'requirement']"
6253,congratulate mr chintan patel getting canada pr visa approval wish luck future canada contact us 91 70 963 963 00 visit website canada visa ppr immigration immigrationconsultant studyincanada canadapr pr,"['canada', 'congratulate', 'patel', 'approval', 'wish', 'luck']"
6254,qualified skilled individuals numerous opportunities canada canada provides democratic rights right religion culture language speech vjcoverseas vjcimmigrationconsultants immigration immigrationconsultant experience career canada,"['canada', 'skilled', 'individual', 'provides', 'democratic', 'religion', 'culture', 'speech']"
6255,icymi canada deporting front line workers middle pandemic deportation immigration,"['canada', 'deport', 'pandemic', 'deportation']"
6256,506 immigration candidates received invitations latest quebec arrima draw whatsapp contact canapprove canadaimmigration canada immigration expressentry canadapr visa immigrationconsultant quebecimmigration quebec,"['whatsapp', 'canada', 'receive', 'invitation', 'latest', 'draw']"
6257,picture paints thousand words nhs plymouth immigration effective,"['paint', 'effective']"
6258,happy nowruz festive afghan home usa event district loved hearing recently arrived experience coming improve current system nowruz newyear immigration refugeeswelcome demvoice1 resistanceunited,"['usa', 'event', 'happy', 'festive', 'home', 'district', 'loved', 'recent', 'improve']"
6259,huge thank hlass joining immigration law seminar course talk abolition flying dc pivoting last minute remotely still covid gained much wisdom insight talk discussion,"['seminar', 'thank', 'join', 'abolition', 'flying', 'pivot', 'covid', 'gained', 'wisdom', 'insight', 'discussion']"
6260,uscis reopen select offices person non emergency matters effective june 4 2022 learn services resuming person updated protocols immigration asylum immigrationinterview naturalizationceremonies naturalization,"['person', 'reopen', 'select', NOT 'emergency', 'effective', 'learn', 'resume', 'updated', 'protocol', 'asylum', 'naturalization']"
6261,excited see w appointment 25 new immigration judges deep practice experience representing immigrants particularly happy see judges claudia cubas ayodele gansallo kristie anne padron join bench,"['cuba', 'excite', 'appointment', 'judge', 'deep', 'representing', 'immigrants', 'happy', 'join', 'bench']"
6262,congratulations arshdeep singh getting uk study visa also want study uk contact us today 98090 90908 study visa uk immigration guidance consulting navigatorsoverseas abroad,"['congratulations', 'study', 'guidance']"
6263,solid wins bordersbill certainly help reduce channelcrossings save lives bad night yet showed soft immigration winning red wall seats like,"['wine', 'help', 'reduce', 'save', 'live', 'bad', 'soft', 'win', 'wall']"
6264,times politics kurzban famous immigration attorney eschewing wanting keep illegal aliens state florida desantis legal immigration right biggest problem florida wages illegal immigration answer,"['florida', 'famous', 'attorney', 'eschew', 'wanting', 'illegal', 'alien', 'legal', 'problem', 'answer']"
6265,premium 3 word com domainnameforsale domainnameforsale domains travel countries immigration passport visa tourist vacations covid19 flippa quarantine socialdistancing world travel embassy online travelbubble quarantine newnormal domain domainmarketplace,"['country', 'premium', 'travel', 'tourist', 'vacation', 'covid', 'quarantine']"
6266,glad ur finally listened started hire uscis needs 10 000 new staff like irs handle 5 10 year worse 100 000 new ukraine refugees coming wapo vatican usccb aila aclu cnn nyt miamiherald lat immigration biden,"['staff', 'ukraine', 'glad', 'needy', 'worse', 'ail', 'bide']"
6267,book still technically baby bunch new events coming next couple months talk online person n california please stop say hi immigration bilingual multicultural immigrantfamily,"['book', 'event', 'person', 'california', 'please stop', 'baby', 'bilingual', 'multicultural']"
6268,canadian tulip festival returning 70th year ottawa full article canadanews immigration immigrationnews cdnimm narcitycanada blogto dailyhive ctv cbc ottawa returning tulip festival canada toronto vancouver cisnews,"['ottawa', 'canada', 'toronto', 'vancouver', 'tulip', 'festival', 'full']"
6269,canadians experience lengthy wait times passports due surge demand full article canadanews immigration immigrationnews dailyhive curiocitycanada ctv cbc demand lengthy experience canada toronto vancouver cisnews,"['canada', 'toronto', 'vancouver', 'lengthy', 'wait', 'surge', 'demand', 'full']"
6270,canadians young old left behind pandemic jobs recovery full article canadanews immigration immigrationnews cdnimm narcitycanada blogto dailyhive curiocitycanada ctv recovery old young canada toronto vancouver cisnews,"['canada', 'toronto', 'vancouver', 'young', 'old', 'pandemic', 'job', 'recovery', 'full']"
6271,canada ranks one best places earth air quality full article canadanews immigration immigrationnews cdnimm narcitycanada blogto dailyhive curiocitycanada earth air quality canada toronto vancouver cisnews,"['canada', 'place', 'quality', 'toronto', 'vancouver', 'best', 'air', 'full']"
6272,calgary ranked healthiest city canada amp 7 fundamental factors full article canadanews immigration immigrationnews cdnimm curiocitycanada ctv calgary healthiest city canada toronto vancouver cisnews,"['calgary', 'city', 'canada', 'toronto', 'vancouver', 'ranked', 'healthiest', 'fundament', 'full']"
6273,hr1614 supports relief immigration us despite past marijuanaconvictions everyday blackandbrown somebody going jail support hr1514 bill get back sustainableag,"['relief', 'jail', 'support']"
6274,although number foreign conflicts declined recent decades war terrorism widespread local conflicts continue shake world information call us 91 9871383058 immigration prvisas immigrationconsultants visaconsultants permanentresidency,"['conflict', 'decline', 'recent', 'decade', 'war', 'terrorism', 'widespread', 'continue', 'shake', 'information']"
6275,uk proud immigration system allows women like thrive ups amp downs service way giving back sonething country welcomed opened arms conservatives conservativeparty immigration,"['women', 'service', 'country', 'proud', 'thrive', 'giving', 'welcomed', 'conservative']"
6276,genique management brings fresh happening news immigration world stay updated world store stay tuned stay informed call us free counseling 91 7303872762 immigration prvisa canadaprvisa visanews visaconsultant,"['stay tuned', 'management', 'brings', 'fresh', 'hap', 'updated', 'informed', 'free', 'counseling']"
6277,2022 children still cages kidsincages immigration,['cagey']
6278,eventful day metropoliscan2022 great running known faces immigrant serving community newcanadians cdnimm immigration networking inclusion integration,"['eventful', 'running', 'immigrant', 'community', 'inclusion', 'integration']"
6279,canada looking welcome 80 000 immigrants pgp next three years read gt gt whatsapp explore canadian immigration options canapprove canadaimmigration canada immigration pgp parents,"['canada', 'whatsapp', 'welcome', 'immigrants', 'explore']"
6280,video chinese immigrants blamed us economic depression 1870s leading anti chinese movement says robert lee unit explores complexities us immigration policy considers future,"['china', 'unit', 'immigrants', 'blamed', 'leading', 'movement', 'explores', 'complexity', 'policy', 'considers']"
6281,one fee multiple programs alberta visas visa immigration canada workpermit passport business studentvisa visaservices visaassistance travel visaapplication canadapr ubc britishcolumbia pnp albertapnp chandigarh tricity mohali panchkula,"['canada', 'chandigarh', 'fee', 'travel', 'trice']"
6282,onthisday 1910 amendment immigration act passed forbidding criminals diseases paupers anarchists enter us unit explores history immigration recent us policy apgov apush ssedchat,"['unit', 'amendment', 'act', 'forbidding', 'crime', 'disease', 'anarchist', 'enter', 'explores', 'recent', 'policy']"
6283,success story enquiries 91 95631 00777 82839 82239 studyinuk studyabroad studyabroadwithvisionworld ukuniversities education study university visionworldimmigration visaconsultants visa uk immigration studyvisa ukstudyvisa,"['success', 'enquire', 'education', 'study']"
6284,parent amp grandparent visa canada know experts dm us call us 971 56 416 9277 visit website canada canadapr supervisa parents migration immigration visa visaconsulatnts apexvisas,"['canada', 'grandparent', 'supervise']"
6285,parent amp grandparent visa canada know experts dm us call us 91 80558 04150 visit website canada canadapr supervisa parents migration immigration visa visaconsulatnts apexvisas,"['canada', 'grandparent', 'supervise']"
6286,express entry skilled trades stream targets skilled trades workers construction agricultural sectors could expanded future know call 1800 419 3242 ontario canada travel immigration saturdayvibes saturday,"['canada', 'express', 'skilled', 'stream', 'targets', 'construction', 'agricultural', 'sector', 'expand', 'travel']"
6287,revealed us close scale back troubled immigration detention centers daca immigration immigrationreform joebiden elsalvador mexico venezuela guatemala asylum tps visas citizenship gop migrants ice borderpatrol,"['mexico', 'venezuela', 'guatemala', 'immigration detention', 'revealed', 'close', 'troubled', 'dacer', 'asylum', 'citizenship']"
6288,pack bags unpack wonders world apply schengen tourist visa get visa free travel 26 countries connect team today 971 4 240 5544 info com visit immigration visa schengenvisa travel,"['apple', 'country', 'tourist visa', 'unpack', 'wonder', 'free', 'travel', 'connect', 'info']"
6289,saskatchewan released 2022 draw dates entrepreneur immigration category sinp entrepreneur draws take place following dates may 5 july 7 september 1 november 3 read,"['place', 'release', 'draw', 'entrepreneur', 'follow']"
6290,singapore pcc foreign police clearance certificate biometric fingerprints crown immigration singapore pcc immigration consultant,"['singapore', 'consultant', 'clearance certificate', 'policy', 'biometric', 'fingerprint', 'crown']"
6291,manitoba pnp sent 191 invitations pr latest draw manitoba immigration draw,"['invitation', 'latest', 'draw']"
6292,modi thinks dictate america immigration h1b offshore outsourcing policies fvck india cannot dictated us uk trade,"['india', 'thinke', NOT 'dictate', 'offshore', 'outsource', 'policies', 'trade']"
6293,another suside death australian detention blood hands justice prevail human alive soul broken lnpdeathcult enddetention lnpcrimefamily immigration gameover humanrightsact,"['death', 'detention', 'blood', 'justice', 'prevail', 'alive', 'soul', 'broken']"
6294,want live canada forever talk expert cvis immigration consultant canada inc contact number 778 895 9000 email cvisimm com website immigration canada work ielts,"['canada', 'consultant', 'live', 'forever', 'work']"
6295,ask parents brexit migration humanrights standwithukraine johnsonout60 toriesout toriesunfittogovern torycorruption toryincompetence immigrationbill brunocatalano immigration empathy,['empathy']
6296,kaminker amp associates helped refugees around world successfully come canada resettle find work unique situation learn immigration immigrationlawyer canadianimmigration,"['canada', 'associate', 'help', 'successful', 'resettle', 'work', 'unique', 'situate', 'learn']"
6297,year taking office families continue waiting promises made time yield executive power grant immigrant families protections need immigration,"['family', 'continue', 'promise', 'yield', 'executive', 'power', 'grant', 'immigrant', 'protection']"
6298,immigration experts contrast us support ukrainian afghan refugees voice america multiand cit feedly elsewhere,"['contrast', 'support', 'cite']"
6299,visa options immigration strategies manufacturers update,"['strategy', 'manufacture', 'update']"
6300,pride turned shame regret one weekend via immigration gunviolence relationships fear politics,"['pride', 'shame', 'regret', 'weekend', 'relationship', 'fear']"
6301,congratulation mr pankaj amp ms anju getting 10 years usa tourist visa achintyaimmigration immigration visa immigrants immigrationservices immigrationconsultant visaservices visaapproval pr permanentresidentvisa permanentresidencepermit conscription,"['usa', 'tourist visa', 'congratulation', 'immigrants', 'conscription']"
6302,good news looking canadian immigration required scoring points worry choose options us 0301 114 9884 canada immigration studyabroad consultant iccrc membership thenextconsultant,"['canada', 'consultant', 'good news', 'worry', 'choose']"
6303,curious eu cope inevitable huge mass immigration africa,"['curious', 'cope', 'inevitable', 'huge']"
6304,apply study visa australia information visit amp call us bestway overseas educators sco 218 219 3rd floor sector 34a chandigarh call 91 8283850002 studyinaustralia studyvisa immigration visacounselling gapaccepted chandigarh punjab tricity,"['apple', 'australia', 'chandigarh', 'study', 'information', 'educator', 'sector', 'trice']"
6305,apply study visa australia information visit amp call us bestway global connect sco 218 219 3rd floor sector 34a chandigarh call 91 9023677999 studyinaustralia studyvisa australia immigration visacounselling gapaccepted chandigarh punjab tricity,"['apple', 'australia', 'chandigarh', 'study', 'information', 'connect', 'sector', 'trice']"
6306,want nomination manitoba need register expression interest mpnp puts position receive laa skilled workers manitoba skilled workers overseas streams know call 1800 419 3242 immigration travel,"['position', 'nomination', 'register', 'express', 'interest', 'puta', 'receive', 'skilled', 'stream', 'travel']"
6307,immigration belonging census scotland,['belonging']
6308,client diary ensure trust put services shines success contact us cavalry office 03041111553 dha office 042 37183645 6 study visa 03000882212 ielts 03000882252 highbrow immigration,"['ensure', 'trust', 'success', 'cavalry', 'study', 'highbrow']"
6309,congressman art del cueto join topics include ukrainerussiawar biden inflation gasprices bordercrisis immigration bloomberg aoc liathomas see ya soon,"['topics include', 'congressman', 'art', 'join', 'bide', 'inflation']"
6310,organising seminar presentation around processes procedure securing european golden visa residency kindly send dm information call numbers flyer immigration greece goldenvisa citizenship investment travel,"['seminar', 'greece', 'organise', 'presentation', 'process', 'procedure', 'secure', 'golden', 'kindly', 'information', 'flyer', 'citizenship', 'investment', 'travel']"
6311,manitoba pnp sent 191 invites pr latest draw get geniune guidance call us 1 437 343 9000 immigrationcanada immigrationnews immigrationconsultant immigration unbeatable fast canadaimmigration canadaworkpermit workincanada movetocanada workpermit,"['invite', 'latest', 'draw', 'guidance', 'unbeatable', 'fast']"
6312,clandestine immigration cameroonian lady lost life ship 27 days departure cameroon search greener pastures europe young lady kicks bucket ship sailing italy africa cameroon immigration betterlife,"['daye', 'cameroon', 'italy', 'kick bucket', 'clandestine', 'lost', 'search', 'greener', 'pasture', 'young', 'sail']"
6313,berlin governing mayor franziska giffey appears everywhere city time time visited state office immigration received interesting numbers war refugees came berlin ukraine,"['berlin', 'city', 'ukraine', 'appear', 'everywhere', 'receive', 'interest', 'war']"
6314,purpleday global event observed march 26 raise awareness epilepsy eliminate common myths fears related neurological disorder worldepilepsyday vjcoverseas vjcimmigration studyabroad immigration,"['event', 'raise awareness', 'neurological disorder', 'purple', 'epilepsy', 'eliminate', 'myth', 'fear']"
6315,study canada 6 0 band required govt college available pswp offer letter 2 days scholarship available call 91 90668 00004 providers providersoverseas immigrationconsultant immigration abroad visaservices overseas,"['canada', 'daye', 'study', 'available', 'offer', 'scholarship']"
6316,adulting means planning one one farewell parties buddies travel canada studyabroad education immigration studyvisa,"['canada', 'adult', 'farewell', 'buddy', 'travel', 'education']"
6317,talking immigration issues despierta valle central show lazarosalazarlaw fresno immigration attorney fresnoattorney immigrationattorney,"['fresno', 'issues', 'attorney']"
6318,settle uk info com uk unitedkingdom startup business owner invest investment immigration immigrationconsultant visaconsultants permanent study studyabroad permanentresidency startupvisa visa skilled proffesional applynow contactus rowerfze,"['prof', 'settle', 'info', 'startup', 'invest', 'investment', 'permanent', 'study', 'skilled']"
6319,happy independence day bangladesh independence bangladesh bangla independenceday immigration canada australia newzealand emigrantz riyadh dammam jeddah engagewithemigrantz,"['bangladesh', 'canada', 'australia', 'riyadh', 'independence day', 'happy', 'independence', 'bangle']"
6320,1st episode life line podcast course mom first guest wish knew moving america pt 1 realifeplug podcastandchill immigration immigrationstories trending goodsamcbs,"['wish', 'moving', 'trending']"
6321,kamala useless fool calling czar anything pathetic joke house gop introduces bill remove harris border czar kamalaharris immigration,"['house', 'useless', 'fool', 'pathetic', 'joke', 'remove']"
6322,manitoba invited total 191 immigration candidates pnp draw held march 24 2022 visit canadapr visaconsultant ircc immigration iccrcmember ahmedabad pr canadaimmigration migratetocanada pnp canadaexpressentry,"['ahmedabad', 'invited', 'draw']"
6323,immigration breakdown open borders working keep drugs,"['breakdown', 'work', 'drugs']"
6324,dream make true us study australia contact us information 96131 25000 abroadeducationconsultants immigrationconsultants visa consultantsinindia global australia kp studyinaustralia immigration,"['australia', 'dream', 'study', 'information']"
6325,immigrants continue essential need deliver promise permanent protections using executive power immigration freedomtogether immigrantsareessential,"['immigrants', 'continue', 'essential', 'deliver', 'promise', 'permanent', 'protection', 'executive', 'power']"
6326,new 50 immigrant leaders across country urging president biden congressional democrats deliver immigration relief reconciliation time excuses take action forourfamilies,"['country', 'immigrant', 'leader', 'urge', 'bide', 'congressional', 'deliver', 'relief', 'reconciliation', 'excuse']"
6327,john michael green american author youtube content creator podcaster immigrants uscis immigration johngreen greencard citizenship dreamers daca immigrationservices naturalization quote,"['green', 'content', 'create', 'immigrants', 'citizenship', 'dreamer', 'dacer', 'naturalization', 'quote']"
