,text,sentic_polarity
6001,others quoting similar watch dare politicslive asylum immigration,NEGATIVE
6002,agree education learning institutions certifications immigration entrepreneurship disrupt efficiency uni studies work,POSITIVE
6003,politicslive sounding like less informed offspring humanity government immigration brexithasfailed bekindalways,POSITIVE
6004,looking immigration lawyers luton visit website rodman pearce solicitors today learn immigration lawyers team immigrationlawyerinluton immigrationsolicitorsinluton,POSITIVE
6005,go immigration politicslive,NEUTRAL
6006,needs get immigration politicslive,NEGATIVE
6007,politicslive inaya voice reason rest panel blinded finding solution costofliving unwanted immigration etc due overt tribalism,NEGATIVE
6008,assumons macronassasin giletjaune covid19 islam immigration etrangersirreguliers soutienvictimesislam,NEGATIVE
6009,30 immigration fee canada amp australia first 15 days ramadan ramadan offer immigration canadaimmigration immigrationconsultant canadalife canadianimmigration canadavisa australiavisa milkyway saudiarabia ramadanoffer,POSITIVE
6010,canada qualifies 2022 world cup full article canadanews immigration immigrationnews cdnimm narcitycanada blogto dailyhive curiocitycanada ctv cbc fifa qualifies worldcup canada toronto vancouver cisnews,POSITIVE
6011,ontario quebec manitoba bc release immigration draw results ontario quebec manitoba immigration,NEGATIVE
6012,thunder bay offers array career opportunities new immigrants especially healthcare amp health research sectors oleksandr bubon one example found success newcanadians cdnimm immigration success thunderbay,POSITIVE
6013,hospitality sector india recruitment globalrecruitment immigration humancapital humanresources globaljobs skilledmigration skilledworkers skilledprofessionals,POSITIVE
6014,spousal sponsorship new applications back service standard 12 month read gt gt whatsapp get touch canapprove canadaimmigration canada immigration canadapr spousalimmigration familyimmigration,POSITIVE
6015,study latvia hello verify latvia visa latvia visa refused latvia visa rejected crown immigration latvia visa immigration consultant,NEGATIVE
6016,ukraine refugee gets new york ukrainians wait standwithukraine immigration refugees,NEGATIVE
6017,2022 2024 immigration levels plan targets 23 500 additional canada pr permanent residents pgp parents grandparents program coming three years call us free counseling 9871383058 immigration prvisa visanews visaconsultants ircc canadapr,POSITIVE
6018,getting university choice become easy viec want study dubai waiting join us info call 85560 85560 student punjabi dubai universities studentvisa dubaivisa immigration education abroad success,POSITIVE
6019,2022 2024 immigration levels plan targets 23 500 additional canada pr permanent residents pgp parents grandparents program coming three years information call us 91 7303872762 email us info immigration pnp,POSITIVE
6020,feel like talk equivalent sending thoughts prayers americans whose families ripped apart bc immigration problems instead actually helping us ending iirira,NEGATIVE
6021,fort hood soldiers sentenced immigrant smuggling case daca immigration immigrationreform joebiden elsalvador mexico venezuela guatemala asylum tps visas citizenship gop migrants ice borderpatrol,POSITIVE
6022,walker morris employment experts recently held webinar alongside tax specialists working amp recruiting anywhere immigration tax global mobility rewatch webinar gt immigration recruitment,NEGATIVE
6023,super useful insight sanjay admissions webinar intled immigration study,POSITIVE
6024,mobilit want latest news calendar upcoming immigration events sign destcan newsletter,POSITIVE
6025,eric zemmour focused much identity immigration security prevented embodying anything else eyes voters points bruno cautr political scientist center political research farright,POSITIVE
6026,racism plays role immigration decisions house immigration committee hears news feedly agree transparency needed ai tools differential outcomes reflect objective factors risks cdnimm,POSITIVE
6027,last chance apply investment business route uk contact uk immigration lawyers ensure successful visa application last chance uksolerepvisa ukbusinessvisa investors businessowners,POSITIVE
6028,send email sksolicitors ng com travel visas immigration ukvisas ukimmigration studentvisas familyvisas heathrow gatwick spain portugal italy germany greece info,POSITIVE
6029,information visa applications immigration pathways uk spain france portugal italy germany greece schengen countries please visit sk call us 0803 418 8219,POSITIVE
6030,usa green card eb investment new law implemented 5 years amp old eb 5 cases processed whatsapp ajmeralawgroup prashantajmera greencard usa immigrationconsultant immigration residencyandcitizenship usagreencard eb5 eb5visa,POSITIVE
6031,ircc back 12 month processing spousal sponsorship applications get geniune guidance call us 1 437 343 9000 immigrationcanada immigrationnews immigrationconsultant immigration unbeatable fast canadaimmigration canadaworkpermit workincanada movetocanada,POSITIVE
6032,study visa refusal worry call us today 08699098990 get expert advice website visarefusal immigration canada ielts english ieltspreparation studyabroad learnenglish vocabulary grammar ieltsspeaking education englishteacher,POSITIVE
6033,know dna immigration testing service used immigration cases applications amp appeals next day results standard fastest testing uk find visit website call team 0333 600 1300,POSITIVE
6034,read report turkish dramas impact researching popularity turkish drama series increasingly positive attitudes towards rkiye surge immigration rkiye work education three phase mixed methods study,POSITIVE
6035,gujarat based family froze death crossing illegally us january year shed light rampant illegal immigration india unravel legal risks involved fraud immigration agents tell,POSITIVE
6036,opt immigration consultant pt 2 part2 learning canada immigration consulting,POSITIVE
6037,booklovers enjoy historicalfiction womensfiction women remain strong despite obstacles disabilityrights immigration shall shatter pre order independent bookstore amazon b amp n,POSITIVE
6038,xvo trust r plenty grown folk dancing front white people historically whiteowned us refuse effective immigration dark people,POSITIVE
6039,protest xenophobia goes ahead court overturns ban via news xenophobia immigration,NEGATIVE
6040,want study canada apply upcoming intake information visit call us bestway overseas educators sco 218 219 3rd floor sector 34a chandigarh call 91 8283850002 visacounselling immigration immigrationconsultant studyvisa canada,POSITIVE
6041,want study canada apply upcoming intake information visit call us bestway global connect sco 218 219 3rd floor sector 34a chandigarh call 91 9023677999 visacounselling immigration immigrationconsultant studyvisa canada gapaccepted,POSITIVE
6042,urgent requirement leading farm company canada quebec call 91 7347247189 8146947189 0183 5096189 workincanada canada studyincanada immigration canadavisa canadaimmigration immigrationcanada expressentry canadarimmigra,POSITIVE
6043,us embassy nepal please interviews dv2022 dv winner 3802 waiting 2nl pls help dv2022winners dv2022 savediversityvisa immigration,POSITIVE
6044,wish settle canada become smoother kang immigration contact us immigrationcanada immigratetocanada studypermit studyincanada workpermit businessinvestment expressentry2022 immigrationconsultant immigration abroad visaservices lima,POSITIVE
6045,fun sydney visitors appreciate quality melbourne food melbourne rich culture sydney better balanced climate transportation passengers melbourne regular immigration visa visayab,POSITIVE
6046,alert immigration froud call us 91 9974253030 ajmeralawgroup prashantajmera greencard usa immigrationconsultant immigration residencyandcitizenship usagreencard residencyandcitiznshipbyinvestment eb5 eb5visa usaindians,NEGATIVE
6047,couple immigration activists said way russianukrainianwar situation ukraine unitedstates take one million ukrainian refugees,POSITIVE
6048,want instant option settling canada contact experts today immigrationcanada immigratetocanada studypermit studyincanada workpermit businessinvestment expressentry2022 immigrationconsultant immigration abroad visaservices overseas education,NEGATIVE
6049,asked even welders made list studyabroad education ielts study internationalstudents studyvisa highereducation visa studyinusa students studygram scholarship uk immigration college studentlife studya,POSITIVE
6050,great news canada open tourist connect us get visa canada immigrationcanada immigratetocanada studypermit studyincanada workpermit businessinvestment expressentry2022 immigrationconsultant immigration abroad visaservices,POSITIVE
6051,111 years ago triangleshirtwaistfire started labor protections rights movement today freetrade globalists undoing gained w offshore outsourcing high immigration levels f1 opt h1b h2b etc,POSITIVE
6052,asked even welders made list studyabroad education ielts study internationalstudents studyvisa highereducation visa studyinusa students studygram scholarship uk immigration college studentlife studyabroadlife nigeria ghana liberia,POSITIVE
6053,march 24 manitoba invited 191 candidates provincial nominee program candidates want migrate manitoba apply permanent residence manitoba provincial nominee program information call us 91 9871383058 immigration pnp,POSITIVE
6054,tv film production companies apply work permits canada connect us today immigrationcanada immigratetocanada studypermit studyincanada workpermit businessinvestment expressentry2022 immigrationconsultant immigration abroad visaservices overseas,POSITIVE
6055,ircc aims resume fswp cec invitations spring visit website visit blogs expressentry2022 expressentrycrs expressentry orisvisas orisvisasexpressentry orisvisasinvitesexpressentry immigration,POSITIVE
6056,acquire canada student visa effortlessly kang immigration boom career give us call today immigrationcanada immigratetocanada studypermit studyincanada workpermit businessinvestment expressentry2022 immigrationconsultant immigration,POSITIVE
6057,want study canada choose right university amp course kickstart career get best professional guidance evol evolgroups groups vadodara studyvisa studyabroad canada studentvisa visa ielts immigration studyincanada australia canadavisa study,POSITIVE
6058,study canada choose right university amp course kickstart career evol evolgroups groups vadodara studyvisa studyabroad canada studentvisa visa ielts immigration studyincanada australia canadavisa study education studyoverseas studyinaustralia,POSITIVE
6059,canada immigration website evol evolgroups groups vadodara studyvisa studyabroad canada studentvisa visa ielts immigration studyincanada australia canadavisa study education studyoverseas studyinaustralia overseaseducation,POSITIVE
6060,get canada pr work permit canadaimmigration canada immigration canadavisa studyincanada expressentry canadapr visa immigrationconsultant studyabroad ielts workpermit studentvisa immigrationlawyer studyvisa pnp immigrationcanada permanentresidency expressentry,POSITIVE
6061,express entry ircc aims resume fswp cec invitations spring achintyaimmigration expertise provide consultancy visa clearance documentation data management processing migration either india abroad mondaymotivation immigration visa oscars,POSITIVE
6062,immigration canada backlog grows 1 84 million immigrationcanada immigratetocanada studypermit studyincanada workpermit businessinvestment expressentry2022 immigrationconsultant immigration abroad visaservices overseas education learning knowledge students,POSITIVE
6063,eligible migrate canada contact us help amp guide 91 8882599623 info com canadapr canada canadaimmigration immigration canadavisa expressentry visa pnp studyabroad workpermit,POSITIVE
6064,get canadian citizenship parent canadian check eligibility immigration canada canadaimmigration migration movetocanada canada2022 canadian citizenship,POSITIVE
6065,ontario quebec manitoba bc release immigration draw results check eligibility immigration canada canadaimmigration migration movetocanada canada2022 pnpdraw ontario quebec manitoba britishcolumbia,NEGATIVE
6066,ircc aims resume fswp cec invitations spring visit website visit blogs expressentry2022 expressentrycrs esseindia esseindiaexpressentry esseindiainvitesexpressentry immigration abroadjob,POSITIVE
6067,ircc back 12 month processing spousal sponsorship applications check eligibility immigration canada migration movetocanada canada2022 canadaimmigration spousal sponsorship,POSITIVE
6068,wishing sponsor belongings canada make call us obtain sponsorship letter seamlessly immigrationcanada immigratetocanada studypermit studyincanada workpermit businessinvestment expressentry2022 immigrationconsultant immigration abroad,POSITIVE
6069,change status study work permit ease accompanying kang immigration connect us today immigrationcanada immigratetocanada studypermit studyincanada workpermit businessinvestment expressentry2022 immigrationconsultant immigration abroad,POSITIVE
6070,planning getting visa new country let us take care application process contact us 876 346 0066 go visit website visaservices immigration visas phoenixtravel travel,POSITIVE
6071,bal partner lynden melmed testified senate last week emphasizing wait time employment based immigrants get green card tipping point read full testimony immigration globalmobility greencards,POSITIVE
6072,thinking apply spouse visa call us discuss subclass 820 801 connect2study 02 7805 4030 0433 006 249 australiavisa australia visa studentvisa studyvisa studyabroad studyinaustralia ielts visitorvisa immigration,POSITIVE
6073,surveys immigration policies suggest canadians prefer refugees others via cdnimm cdnpoli senca,POSITIVE
6074,brainer migrant country least 5 years keep nose clean pay taxes contribute society deported migration migrants immigration,POSITIVE
6075,part immigration lawyer advocate watch president discuss legislative priorities aila staff get ready ailanda22 next month,POSITIVE
6076,population growth increases demand housing immigration canada cdnpoli,POSITIVE
6077,focus sri lankan woman dying agony disregarded japan immigration center srilankan,NEGATIVE
6078,ashamed broken immigration laws treat contributing humans like,NEGATIVE
6079,illuminati council foreign relations democrat party tactics past present learn enemy immigration revolutions racism newworldorder globalization democrats illuminati fifthcolumn,POSITIVE
6080,intra company transfer ict canada pr pathway ict canada immigration,POSITIVE
6081,much enjoyed interview sophia jord n wallace immigration public opinion us hosts,POSITIVE
6082,dhs puts call employees volunteer southern border amid large numbers migrants fox news immigration,NEGATIVE
6083,elsalvador declares state emergency spike gang killings immigration,NEGATIVE
6084,book gti eligibility check spots available week immigration,NEGATIVE
6085,immigration reversal kiwibank expects net 20 000 people leave nz year newzealand immigration via,NEGATIVE
6086,embarrassed canadian canada trudeau health cbsa immigration novascotia never angry disappointed canadian turned away canada us border could show negative covid test 6 hours later still received call,NEGATIVE
6087,immigration asylum false hope refugee charity attacks uk homes ukraine scheme,NEGATIVE
6088,enjoy historicalfiction stories disabilityrights immigration loveispower thankful early reviews shall shatter pre order independent bookstore amazon b amp n,POSITIVE
6089,thank bringing attention immigration immigrationandasylum migrationeu,POSITIVE
6090,talking recently immigration ukimmigration immigrationandasylum immigrants ukvisa uk,POSITIVE
6091,office kept filing motions got expedited hearing ij client would age keep fighting covid 19 continuances immigration eoir representation,NEGATIVE
6092,lot design divide conquer techniques blm immigration destruction small businesses economy lockdown restrictions finally wars complete control food energy resources taken pure evil riseup,NEGATIVE
6093,immigration wasted 80000 green cards backlog 1 2 million eb gc condidered breaking law interest cover main stream media,POSITIVE
6094,canada beautiful canada always beautiful canada canadasoccer canadareads immigration immigrationmatters beauty peace love harmony tranquility,POSITIVE
6095,british railway stations redesigned beh british railwaystations immigration suicide southasian,POSITIVE
6096,media ponder immigration amp racism afriphobia 2 countries voted b bulk countries abstained dec 2021 un resolution combating glorification nazism neo nazism practices contribute fuelling contemporary forms racism racial,POSITIVE
6097,pleasure part legislative briefing ii covid 19 road recovery panel latino unity day earlier week able share legislative priorities general session 2022 covid immigration legislation twill,POSITIVE
6098,sagradafamiliaimmigrante mural albergue san oscar romero journey migrantsandrefugees long one donations help people access care need donate help albergue san oscar romero stjudeleague immigration,POSITIVE
6099,many wealthy russians keen immigrating israel turkey uae also vie oligarch investment russianoligarchs immigration investments,POSITIVE
6100,mar elvira salazar american journalist author politician serving u representative florida 27th congressional district republican assistant whip republican immigration dreamer tuckercarlsonisaracist foxnewshatesamerica,NEGATIVE
6101,happy nowruz nowruz eb5 eb5visa immigration investment regionalcenters reauthorization,POSITIVE
6102,correct immigration,POSITIVE
6103,undocumented worker fight via vamos leer readyourworld middlegrade picturebook immigration latinx,NEGATIVE
6104,money follow talent toronto quietly booming tech town canada largest city fourth largest north america seeing biggest tech expansion rivalling new york silicon valley talent immigration diversity,POSITIVE
6105,volume refugees fleeing war ukraine straining immigration documentation systems countries like denmark poland prompted canada send mobile biometrics kits immigration offices europe expedite application,POSITIVE
6106,key reminders harrison productive economy produce w hours worked amp current productivity boosting tech spending stems ptly laborshortages e immigration needed healthy growth,POSITIVE
6107,immigrant tweeps h1 b documents finding hard come decision got citizenship last year immigration,POSITIVE
6108,false hope refugee charity attacks uk homes ukraine scheme immigration asylum guardian,NEGATIVE
6109,safe routes save lives good national security trust tories security labour saferoutes immigration refugees ukraine afghanistan patelout,POSITIVE
6110,covid 19 pandemic canadian government repeatedly advised people avoid nonessential travel writes continue deport thousands people immigration deportation,POSITIVE
6111,dear something medicare socialsecurity plumbing house fixed need repairedeveryyear maybe spend time fixing things fixed leave roe amp 2a alone work immigration childcare implement infrastructure,POSITIVE
6112,biden bragged front world america open lawless southern border bidenimmigrationpolicy bordercrisis immigration nato,NEGATIVE
6113,undocumented immigrants deserve affordable healthcare much anyone else health immigration equity4life,POSITIVE
6114,really proud brilliant worth marine branch overnight working coastal radar police press immigration interception 2 vessels haiti details come,POSITIVE
6115,studentvisa immigration usa paymentaftergettingvisa without ielts,NEUTRAL
6116,whether planning immigrate canada temporary worker permanent resident visit latest news updates information tips see immigration journey newcanadians cdnimm immigration expressentry,POSITIVE
6117,visacrunch canada immigration massive backlog 2 million affect international students read canada cec covid19 fwsp immigration internationalstudents ircc labourshortages pgwp seanfraser statisticscanada vaccination,NEGATIVE
6118,spot 5 differences immigration refugees,NEUTRAL
6119,politics government immigration immigrants ice gt ice continues abuse traumatize biden immigrants fighting back via,NEGATIVE
6120,comprehensive case management system immigration case try free immigration casemanagement lawfirms software immicompliance immigrationattorneys,POSITIVE
6121,israel israeli government implemented new regulation hi tech work visa allowing companies hire certain students recent graduates hi tech professionals learn immigration globalmobility hr,POSITIVE
6122,starting solo law practice share video legal advice consult attorney attorney advertisement immigrationpractice immigrationattorney podcaster lawyer immigrationlawyer interview immigration,POSITIVE
6123,karolinska institute nobel prize awarding scientist warns infertility caused electrosmog wireless society depleting population italians resulting need immigration uphold population thus society wednesdaywisdom 5g,POSITIVE
6124,today chartered plane fly paraguay fertile land many opportunities hnwi namerica europe asia consider country way underrated immigration investment agriculture residence farmland auswandern planb pyg guarani,POSITIVE
6125,heard emerging strand latinidad amp latinopolitics florida get unique insight analysis puertoricans immigration attitudes critical election2016,POSITIVE
6126,apply canada business visa contact elfin immigration inc information 647 395 5283 info com elfinimmigration canadabusinessvisa canada businessvisa visitorvisa ontario brampton canadaimmigration immigration,NEGATIVE
6127,sunday open call us today immigration needs 262 764 5036 p represent clients worldwide immigration visa studyabroad immigrationlawyer usa studentvisa tps usimmigration immigrants studyinusa vawa,POSITIVE
6128,opt immigration consultant part1 learn canada immigration consulting,POSITIVE
6129,explain like kindergartener come accept 100 000 ukrainians 30 000 haitians immigration refugeeswelcome,POSITIVE
6130,targeted harassment l hate vs group disability disabilitytwitter disabled hate vs groups l africans nigerian immigration xenophobia homophobia lgbtq suspicious account propaganda psyop op0h8,NEGATIVE
6131,grad reading need new names noviolet bulawayo unflinching powerful story displacement immigration told child eyes following darling journey zimbabwe america booktwt litfic contemporary comingofage immigration,POSITIVE
6132,tick immigration news manitoba pnp selected 191 candidates issuing loa apply canada pnp march 24 2022 observed invites issued three mpnp streams get touch amp share cv free evaluation assessment call 92 3332233804,POSITIVE
6133,courage political courage requires hard thing even seems unpopular need immigration get base back,POSITIVE
6134,us vs sentiments common public school systems growing numbers immigrants reality influx immigrant students helps rather hurts academic performance native born peers mana immigration education,POSITIVE
6135,thank encouraging labour voters arrive everyday immigration costoflivingcrisis,POSITIVE
6136,top 3 questions get clients immigration canada questions send message contact us link migration ca work caimmigration immigration canada instaimmigration citizenship dvlottery,POSITIVE
6137,elected democrats 2020 stop trump cruel immigration policies instead gave even money take action sign petition demanding cut funding ice cbp coming budget defundhate immigration,NEGATIVE
6138,countryside new brunswick canada autumn photo credits vincent st thomas canada nature sky shorts thinknewbrunswick immigration tnbcommunity instatnb thinknb canada africa nigeria india southasia city instatravel travelling sky amazing sunset,POSITIVE
6139,el paso immigration attorney raises concern biden change asylum process daca immigration immigrationreform joebiden elsalvador mexico venezuela guatemala asylum tps visas citizenship gop migrants ice borderpatrol,POSITIVE
6140,analysis impermanence nation canada growing reliance temporary residents meet labor needs canada cdnpoli immigration,NEGATIVE
6141,happy mother day banking finance privateequity fundraising fundstructuring disputeresolution realestate intellectualproperty labor employment immigration estateadministration probates companysecretary regulatory compliance lawf,POSITIVE
6142,surely incompetence need pointing painfully bloody obvious pretty much everything goes around patch botch botch metpolice immigration refugees france afghanistan ukraine,NEGATIVE
6143,global companies mulling changes immigration route uk well wrestling implications increasing demands remote working arrangements among international staff remoteworking immigration,POSITIVE
6144,carnell country get serious opposition america adventures abroad destabilizes countries sends going problem bordercrisis haiti immigration breakingbrown vid 1 2x,NEGATIVE
6145,b rgen episode 23 right shade brown amp issue integration denmark europe immigration migrants paternalism,POSITIVE
6146,wretched refuse teeming shore send homeless tempest tost lift lamp beside golden door emma lazarus placard statue liberty immigration,POSITIVE
6147,inflation 7 9 gas 4 gallon record number illegal border crossings results curse yes curse terrible leftist spending environmental immigration policies bidenflation buildbackbroke,NEGATIVE
6148,need safe fair beneficial legal immigration fair everyone world wants come especially fair beneficial americans immigration,POSITIVE
6149,brillo pad sales hungary croatia european nations changed immigration policies ukrainian refugees activists applauded shift also warning discrimination migrants afghanistan middleeast africa,POSITIVE
6150,stories hongkongers facing difficult stage decide one way ticket hong kong family journey one way part 1 standwithhongkong nationalsecuritylaw uk bno hongkong immigration china,NEGATIVE
6151,exclusionary immigration laws practices stripping asian americans particularly women substantive citizenship rights full political participation 150 years aapi immigration atlanta,NEGATIVE
6152,doj announces charges pennsylvania man immigration fraud identity theft find latest post law immigration law blog immigration matters immigration crime,NEGATIVE
6153,canada ranks 8th list countries privately owned wealth full article canadanews immigration immigrationnews cdnimm narcitycanada italy countries privately wealth canada toronto vancouver cisnews,POSITIVE
6154,greatest time meet b c goat rides horseback full article canadanews immigration immigrationnews blogto dailyhive curiocitycanada ctv cbc shaping friendship time greatest canada toronto vancouver cisnews,POSITIVE
6155,universities canada plan person convocation ceremonies lengthy hiatus full article canadanews immigration immigrationnews blogto dailyhive hiatus universities university ceremonies canada toronto vancouver cisnews,POSITIVE
6156,immigration qt faqs 088 borderobserver posted 4 mar 2021,NEUTRAL
6157,iranian american astronaut selected travel space station full article canadanews immigration immigrationnews cdnimm narcitycanada blogto dailyhive curiocitycanada american iranian nasa canada toronto vancouver cisnews,POSITIVE
6158,canada low cost airline 55 sale flights starting 15 full article canadanews immigration immigrationnews curiocitycanada ctv cbc sanfrancisco flair flights airline canada toronto vancouver cisnews,POSITIVE
6159,canadians likely positive outlook canada prospects immigrants immigrants thegrassisneverreallygreener canada life perceptions immigration challenges benefits politics media via,POSITIVE
6160,make sure sign newsletter website miss new updates american dream law office ready start american dream journey call us 1 888 96 dream americandreamlaw immigration immigrationattorney,POSITIVE
6161,uk bans entry 2019 continue watching video click link holi spring viral worldwar3 russiainvadesukraine ukimmigrationnews trending immigrationupdate immigrationchanges uk immigration uksettlement ilr ukvisa update homeoffice,POSITIVE
6162,home office caseworker guidance holi spring viral worldwar3 russiainvadesukraine ukimmigrationnews trending immigrationupdate immigrationnews immigrationchanges uk immigration uksettlement ilr ukvisa ukimmigrationapplication ukvisaroutes ukspousevisa,POSITIVE
6163,gbnews thepoliticalcorrection immigration refugees gbnews keeps papering real issues vast silent majority turn may elections invaded working class native folk furious,POSITIVE
6164,migrants scapegoated amp cannon fodder politicians piece sensible ideas good immigration policy would look like would add immigration needs managed neutral body depoliticised,POSITIVE
6165,new book review live may first disappointment parisbystarlight robertdinsdale fiction fantasy fantasy fairytale romance immigration family refugees,POSITIVE
6166,russians also got banned overnight cannot get new citizenship need advice solutions please contact us citizenship investment passport immigration,POSITIVE
6167,minimum wage top cities canada speak immigration experts immigration canadavisa expressentry immigrationconsultant visa studyabroad ielts immigrationconsultants immigrationtocanada sayhomecanadaimmigration,POSITIVE
6168,think forgotten represent us people united states homelessness schools housingcost gasprices groceries bordercountrol immigration mandates hunger,NEGATIVE
6169,minimum wage top cities canada speak immigration experts immigration canadavisa expressentry immigrationconsultant visa studyabroad ielts immigrationconsultants immigrationtocanada sayhomecanadaimmigration ontario nigeria nigerian brampton,POSITIVE
6170,support admin desire reduce immigration court backlog final version rule panacea fix fundamental challenges facing us asylum system hias responds plans overhaul u asylum system,POSITIVE
6171,posted barragan human illegal se orb dreamer daca undocumented undocumentedandunafraid brownissues immigrationissues immigrationisahumanright immigration,NEGATIVE
6172,grant canadastudyvisa macroglobalmoga team congratulates jashandeep kaur enrolled st lawrence college course marketing amp recruitment manager call 87250 20904 gurmilapsinghdalla canada successstory studyincanada immigration expertadvice,POSITIVE
6173,ps blame people questions pose issue immigration either,NEGATIVE
6174,hk experienced anti send china campaign national security act new wave immigration triggered uk received 34 000 applications first quarter year within 5 years 300 000 hong kong people arrive uk,POSITIVE
6175,zani max 3 years maximum possible h4ead shocking called immigration friendly administration done single thing cut inefficient unnecessary processing steps,POSITIVE
6176,please help case immigration immigrants immigrant inmigrantes inmigraci n miami,POSITIVE
6177,leaked video black migrants endure us detention immigration immigrantrights immigrationjustice,NEGATIVE
6178,investment immigration nuggets fdis amp hnis foreigninvestments canada ontariocanada manitobacanada hni fdi crypto immigration canadianpr investmentimmigration,POSITIVE
6179,alive past year see done gasprices inflation southernborder afganistan immigration etc etc,POSITIVE
6180,sigapore singaporean government announced ease covid 19 entry health requirements april 1 read immigration globalmobility hr,POSITIVE
6181,siliconvalley south pacific grand dream pipe dream newzealand tech educationquality immigration fonseka via,NEGATIVE
6182,rnip rural northern immigration pilot get information apply job particular community eligibility,POSITIVE
6183,subscribe new canadians channel latest canada immigration programs related settlement features job search advice immigrant success stories newcanadians cdnimm immigration success canada,POSITIVE
6184,new mexico renamed old mexico immigration,NEGATIVE
6185,fwiw democrats left iiraira immigration bars place 25 years democrat signed law 1996 iirairadestroysfamilies,NEUTRAL
6186,watch aila president discuss recent immigration news wjla including white house commitment ukrainian refugees,POSITIVE
6187,adequate case management immicompliance immigration casemanagement lawfirms attorney software immicompliance immigrationattorneys,POSITIVE
6188,available vinzenz kratzer analyses federal office research output 2005 2015 joint perspective ethnography political science governmental migration research germany immigration,POSITIVE
6189,top ten facts canada rural northern immigration pilot program rural rnip ruralcanada ruralpilot immigrationpilot pilotprogram canadaimmigration immigration canada communities,POSITIVE
6190,immigration title42 amp discrimination brown black asylum seekers ukrainians considered 4 asylum u border despite pandemic restrictions black brown migrants racism mexicans,POSITIVE
6191,canada canadian government launched canada ukraine authorization emergency travel cuaet program ukrainian nationals learn immigration globalmobility hr,POSITIVE
6192,nearly 200 afghan children brought without family u government haphazard military pullout languishing federal custody immigration,POSITIVE
6193,mass communication around twitter amp facebook google immigration twitter facebook instagram snapchat tiktok whatsapp telegram australia auspol,POSITIVE
6194,social media end blaming folllowers immigration twitter facebook instagram snapchat tiktok whatsapp telegram auspol,POSITIVE
6195,looks like eu also double standards refugees usa war exposed collective shadow racist nationalist xenophobic sentiments immigration eu racism,NEGATIVE
6196,weaponize immigration invite russian techies emigrate need young russia needs even bleak future fleeing droves bring strengthen economy amp demographics bleed russia,NEGATIVE
6197,please post saturday open call us right immigration needs 262 764 5036 p represent worldwide immigration visa studyabroad immigrationlawyer usa studentvisa tps usimmigration immigrants dreamers,POSITIVE
6198,march 17 2022 us embassy pakistan limited immigrant visa issues due covid 19 issues per website law immigration,NEGATIVE
6199,hiring canadian museum immigration hiring public programs community engagement coordinator aziz aziz,POSITIVE
6200,indonesia indonesian government eased certain covid 19 entry requirements fully vaccinated travelers read immigration globalmobility hr,POSITIVE
6201,united kingdom immigration,POSITIVE
6202,recently albergue san oscar romero able assist family guatemala navigated entering u donate help albergue san oscar romero offer vital support migrantsandrefugees stjudeleague casasanoscarromero immigration,POSITIVE
6203,know connected ton lawyers anyone pro bono immigration,NEGATIVE
6204,president biden must address humanitarian crisis border end mistreatment immigrants connecticut immigration defundice,NEGATIVE
6205,one progressive left need disentangle ever proper conversation savethenhs refugees immigration patel worked hard conflate economic immigration refugees claiming sanctuary making sure uk trust either,POSITIVE
6206,uk high court rules blanket seizure asylum seekers phones breached article 8 echr humanity humanrightsviolations humanrightsabuses immigration refugeeswelcome,NEGATIVE
6207,replenish younger segments population means home care health care elderly care general system care going overwhelmed said immigration immigrants economy,POSITIVE
6208,biden administration thursday issued new asylum processing regulation efforts accelerate asylum deportation process us mexico border immigration mexico,POSITIVE
6209,name drawn h1 b visa yesterday excited grateful relieved cannot stop thinking hundreds thousands internationals seeking employment usa lucky academictwitter teachertwitter immigration,POSITIVE
6210,major shake ups u asylum law congress weighs adding business visas catch latest immigration news weekly round attorney william menard blog immigration matters immigration asylum,POSITIVE
6211,rape women children become normal europe due mass importation islamic migrants rape finland migrants eu europe sweden metoo crime migpol immigration integration,NEGATIVE
6212,immigration propanda way american workers anything immigrant workers create jobs wealth well anyone need use people countries use,POSITIVE
6213,toughening immigration laws coincided shift immigration europe newcomers latin america asia africa often context racialized debates mana immigration,POSITIVE
6214,another cultural enrichment story immigration great rape crime metoo sweden finland women migrants immigration eu europe,POSITIVE
6215,migrations review everyday foreigner excerpt conversations writing identity places call home migration immigration identity,POSITIVE
6216,perhaps countries want usa open doors immigrants make easier americans hold multiple citizenship amp quicker immigration less 30 days american would instant influx money local economy random,POSITIVE
6217,immigration weekly round major shake ups u asylum law congress weighs adding business visas law,POSITIVE
6218,think people think joke real gets payattention absolute lunacy immigrant love immigration immigration essential many people escape terrible situation provide opportunity jobs safety,POSITIVE
6219,dreamers2gether inc website sisepuede daca linkinmybio immigrants immigrant immigration,NEGATIVE
6220,reminds people immigrate would way less immigration people could find great jobs currently live reality people immigrate opportunity love money work jobs employment safety freedom happiness weather lol,POSITIVE
6221,role immigrant nanny facilitate ideal mother popular imagination comes cost choices makes limited realities encounters regional inequity immigration practices whm,POSITIVE
6222,yes read right australia provides job opportunities studying completion course call us 91 950 271 8667 precisconsultants studentvisa aboradstudt visa australia happyjourney highereducation immigration studentvisaconsultant,POSITIVE
6223,australia strongest research pick country study abroad connect us take call us 91 950 271 8667 precisconsultants studentvisa aboradstudt visa australia happyjourney highereducation immigration studentvisaconsultant,POSITIVE
6224,italy italian government extended deadline submitting certain change status applications details immigration globalmobility hr,POSITIVE
6225,immigration law double jeopardy sadly apt,NEGATIVE
6226,net gain local activists get ball rolling young immigrants refugees teaching international language soccer edcolo copolitics immigration,POSITIVE
6227,visa bulletin april 2022 available inmigracion ciudadania iaco passaicnj immigration citizenship newjersey nuevajersey nonprofitorganization community visabulletin,POSITIVE
6228,asylum seekers still going back visit homelands obtained refuge sa defrauding us return countries asylum papers countries touch must go shame putsouthafricafirst immigration,NEGATIVE
6229,interesting take el paso massacre language immigration amp assimilation interview w author advocate amp brd member book sound like white girl,POSITIVE
6230,dear leader benevolent seeing sees people kind children immigration lifeblood people kind progress nothing happy move pleb cdnpolitics immigration,POSITIVE
6231,study visa get refuse call us today amp get experts advice info contact us today visa visaplus canadaimmigration canada immigration canadavisa expressentry canadapr studyincanada visa,POSITIVE
6232,forget follow youtube page videos fill forms dreamers2gether advanceparole daca aos sisepuede immigration inmigraci n,NEGATIVE
6233,miami investment conference cancels keynote address florida gov rondesantis amid objections stances immigration times southern politics menu chickenfriedpolitics com,NEGATIVE
6234,mamak spackman going lose count accused building 3 201 mile long borderwall government mexico said got pay governments central america turning backs immigration part controversy,NEGATIVE
6235,able sit asylum office nigerian female student attorney delivering closing statement nigerian female client moment cherish rest life chizoba kagha 3l lawstudent immigration clinic experience,NEGATIVE
6236,ontario invited 471 express entry candidates apply provincial nomination march 24 2022 skilled trades draw arborwayimmigration canada immigrantsareessential immigration studyincanada foreignnational expressentry oinp ontario,POSITIVE
6237,simplest step step immigrate canada india best option immigrationmatters immigration,POSITIVE
6238,american mentality vs middle eastern mentality check usa ukraine russia middleeast mentality woke experience thoughts crt turningpointusa conservatives immigration american,NEGATIVE
6239,dedicated team immigration lawyers works get results need find help unique case immigration immigrationlawyer canadianimmigration,POSITIVE
6240,operation lone star lacks clear metrics measure accomplishments texas tribune mean abbottlied operationlonestar border immigration drugs shiftingborder,NEGATIVE
6241,bigaudiodynamite bad beyond pale immigration built nation standwithukraine putin khuylo ukraine belarus crimea kyiv,NEGATIVE
6242,congratulations friend colleague laraine schwartz recent retirement 35 year career grateful worked closely honored taking open matters immigration realestate,POSITIVE
6243,excited hear methodological innovations immigration research fallon marsh amp sarah morehouse sfaa2022 appliedanthropology anthrotwitter,POSITIVE
6244,q amp alice kane baaff springshowcase projectingconnections thesix titanic chineseexclusionact racism immigration chinese passengers,POSITIVE
6245,manitoba invited 191 canadian immigration candidates apply pn march 24 2022 manitobapnp pnp expressentry pnpdraw skilledworkerstream canadapnp canadapr visalaw imnigrationinsights immigrationcognizance,POSITIVE
6246,third issue focus south asia check link read share subscribe share valuable feedback comment section southasia saarc womensday upelection2022 diaspora immigration culture indigenous,POSITIVE
6247,hiring california policy director build key policy champions provide technical assistance local partners support produce key legislation advance priorities immigration criminal justice health education,POSITIVE
6248,congratulate mr chintan patel getting canada pr visa approval visit website contact us abu dhabi 971 581 992 545 dubai 971 581 181 827 canada visa pr immigration immigratetocanada canadavisa visaconsultant visacanada,POSITIVE
6249,h 1b lottery results started coming immigration,POSITIVE
6250,biden administration introduced 3 policy changes aimed expanding opportunities foreign stem graduates amp others migration immigration labor,POSITIVE
6251,nationally ranked clinical program always working something powerful providing students valuable hands experience read immigration humanrights clinic recent work votingrights activist nigeria,POSITIVE
6252,canada travel covid 19 travellers vaccinated april india working immigration requirement,POSITIVE
6253,congratulate mr chintan patel getting canada pr visa approval wish luck future canada contact us 91 70 963 963 00 visit website canada visa ppr immigration immigrationconsultant studyincanada canadapr pr,POSITIVE
6254,qualified skilled individuals numerous opportunities canada canada provides democratic rights right religion culture language speech vjcoverseas vjcimmigrationconsultants immigration immigrationconsultant experience career canada,POSITIVE
6255,icymi canada deporting front line workers middle pandemic deportation immigration,POSITIVE
6256,506 immigration candidates received invitations latest quebec arrima draw whatsapp contact canapprove canadaimmigration canada immigration expressentry canadapr visa immigrationconsultant quebecimmigration quebec,POSITIVE
6257,picture paints thousand words nhs plymouth immigration effective,POSITIVE
6258,happy nowruz festive afghan home usa event district loved hearing recently arrived experience coming improve current system nowruz newyear immigration refugeeswelcome demvoice1 resistanceunited,POSITIVE
6259,huge thank hlass joining immigration law seminar course talk abolition flying dc pivoting last minute remotely still covid gained much wisdom insight talk discussion,POSITIVE
6260,uscis reopen select offices person non emergency matters effective june 4 2022 learn services resuming person updated protocols immigration asylum immigrationinterview naturalizationceremonies naturalization,POSITIVE
6261,excited see w appointment 25 new immigration judges deep practice experience representing immigrants particularly happy see judges claudia cubas ayodele gansallo kristie anne padron join bench,POSITIVE
6262,congratulations arshdeep singh getting uk study visa also want study uk contact us today 98090 90908 study visa uk immigration guidance consulting navigatorsoverseas abroad,POSITIVE
6263,solid wins bordersbill certainly help reduce channelcrossings save lives bad night yet showed soft immigration winning red wall seats like,POSITIVE
6264,times politics kurzban famous immigration attorney eschewing wanting keep illegal aliens state florida desantis legal immigration right biggest problem florida wages illegal immigration answer,POSITIVE
6265,premium 3 word com domainnameforsale domainnameforsale domains travel countries immigration passport visa tourist vacations covid19 flippa quarantine socialdistancing world travel embassy online travelbubble quarantine newnormal domain domainmarketplace,NEGATIVE
6266,glad ur finally listened started hire uscis needs 10 000 new staff like irs handle 5 10 year worse 100 000 new ukraine refugees coming wapo vatican usccb aila aclu cnn nyt miamiherald lat immigration biden,POSITIVE
6267,book still technically baby bunch new events coming next couple months talk online person n california please stop say hi immigration bilingual multicultural immigrantfamily,NEGATIVE
6268,canadian tulip festival returning 70th year ottawa full article canadanews immigration immigrationnews cdnimm narcitycanada blogto dailyhive ctv cbc ottawa returning tulip festival canada toronto vancouver cisnews,POSITIVE
6269,canadians experience lengthy wait times passports due surge demand full article canadanews immigration immigrationnews dailyhive curiocitycanada ctv cbc demand lengthy experience canada toronto vancouver cisnews,NEGATIVE
6270,canadians young old left behind pandemic jobs recovery full article canadanews immigration immigrationnews cdnimm narcitycanada blogto dailyhive curiocitycanada ctv recovery old young canada toronto vancouver cisnews,POSITIVE
6271,canada ranks one best places earth air quality full article canadanews immigration immigrationnews cdnimm narcitycanada blogto dailyhive curiocitycanada earth air quality canada toronto vancouver cisnews,POSITIVE
6272,calgary ranked healthiest city canada amp 7 fundamental factors full article canadanews immigration immigrationnews cdnimm curiocitycanada ctv calgary healthiest city canada toronto vancouver cisnews,POSITIVE
6273,hr1614 supports relief immigration us despite past marijuanaconvictions everyday blackandbrown somebody going jail support hr1514 bill get back sustainableag,POSITIVE
6274,although number foreign conflicts declined recent decades war terrorism widespread local conflicts continue shake world information call us 91 9871383058 immigration prvisas immigrationconsultants visaconsultants permanentresidency,POSITIVE
6275,uk proud immigration system allows women like thrive ups amp downs service way giving back sonething country welcomed opened arms conservatives conservativeparty immigration,POSITIVE
6276,genique management brings fresh happening news immigration world stay updated world store stay tuned stay informed call us free counseling 91 7303872762 immigration prvisa canadaprvisa visanews visaconsultant,POSITIVE
6277,2022 children still cages kidsincages immigration,POSITIVE
6278,eventful day metropoliscan2022 great running known faces immigrant serving community newcanadians cdnimm immigration networking inclusion integration,POSITIVE
6279,canada looking welcome 80 000 immigrants pgp next three years read gt gt whatsapp explore canadian immigration options canapprove canadaimmigration canada immigration pgp parents,POSITIVE
6280,video chinese immigrants blamed us economic depression 1870s leading anti chinese movement says robert lee unit explores complexities us immigration policy considers future,NEGATIVE
6281,one fee multiple programs alberta visas visa immigration canada workpermit passport business studentvisa visaservices visaassistance travel visaapplication canadapr ubc britishcolumbia pnp albertapnp chandigarh tricity mohali panchkula,POSITIVE
6282,onthisday 1910 amendment immigration act passed forbidding criminals diseases paupers anarchists enter us unit explores history immigration recent us policy apgov apush ssedchat,NEGATIVE
6283,success story enquiries 91 95631 00777 82839 82239 studyinuk studyabroad studyabroadwithvisionworld ukuniversities education study university visionworldimmigration visaconsultants visa uk immigration studyvisa ukstudyvisa,POSITIVE
6284,parent amp grandparent visa canada know experts dm us call us 971 56 416 9277 visit website canada canadapr supervisa parents migration immigration visa visaconsulatnts apexvisas,POSITIVE
6285,parent amp grandparent visa canada know experts dm us call us 91 80558 04150 visit website canada canadapr supervisa parents migration immigration visa visaconsulatnts apexvisas,POSITIVE
6286,express entry skilled trades stream targets skilled trades workers construction agricultural sectors could expanded future know call 1800 419 3242 ontario canada travel immigration saturdayvibes saturday,POSITIVE
6287,revealed us close scale back troubled immigration detention centers daca immigration immigrationreform joebiden elsalvador mexico venezuela guatemala asylum tps visas citizenship gop migrants ice borderpatrol,POSITIVE
6288,pack bags unpack wonders world apply schengen tourist visa get visa free travel 26 countries connect team today 971 4 240 5544 info com visit immigration visa schengenvisa travel,POSITIVE
6289,saskatchewan released 2022 draw dates entrepreneur immigration category sinp entrepreneur draws take place following dates may 5 july 7 september 1 november 3 read,POSITIVE
6290,singapore pcc foreign police clearance certificate biometric fingerprints crown immigration singapore pcc immigration consultant,NEGATIVE
6291,manitoba pnp sent 191 invitations pr latest draw manitoba immigration draw,POSITIVE
6292,modi thinks dictate america immigration h1b offshore outsourcing policies fvck india cannot dictated us uk trade,NEGATIVE
6293,another suside death australian detention blood hands justice prevail human alive soul broken lnpdeathcult enddetention lnpcrimefamily immigration gameover humanrightsact,NEGATIVE
6294,want live canada forever talk expert cvis immigration consultant canada inc contact number 778 895 9000 email cvisimm com website immigration canada work ielts,POSITIVE
6295,ask parents brexit migration humanrights standwithukraine johnsonout60 toriesout toriesunfittogovern torycorruption toryincompetence immigrationbill brunocatalano immigration empathy,POSITIVE
6296,kaminker amp associates helped refugees around world successfully come canada resettle find work unique situation learn immigration immigrationlawyer canadianimmigration,POSITIVE
6297,year taking office families continue waiting promises made time yield executive power grant immigrant families protections need immigration,POSITIVE
6298,immigration experts contrast us support ukrainian afghan refugees voice america multiand cit feedly elsewhere,POSITIVE
6299,visa options immigration strategies manufacturers update,POSITIVE
6300,pride turned shame regret one weekend via immigration gunviolence relationships fear politics,POSITIVE
6301,congratulation mr pankaj amp ms anju getting 10 years usa tourist visa achintyaimmigration immigration visa immigrants immigrationservices immigrationconsultant visaservices visaapproval pr permanentresidentvisa permanentresidencepermit conscription,POSITIVE
6302,good news looking canadian immigration required scoring points worry choose options us 0301 114 9884 canada immigration studyabroad consultant iccrc membership thenextconsultant,POSITIVE
6303,curious eu cope inevitable huge mass immigration africa,POSITIVE
6304,apply study visa australia information visit amp call us bestway overseas educators sco 218 219 3rd floor sector 34a chandigarh call 91 8283850002 studyinaustralia studyvisa immigration visacounselling gapaccepted chandigarh punjab tricity,POSITIVE
6305,apply study visa australia information visit amp call us bestway global connect sco 218 219 3rd floor sector 34a chandigarh call 91 9023677999 studyinaustralia studyvisa australia immigration visacounselling gapaccepted chandigarh punjab tricity,POSITIVE
6306,want nomination manitoba need register expression interest mpnp puts position receive laa skilled workers manitoba skilled workers overseas streams know call 1800 419 3242 immigration travel,POSITIVE
6307,immigration belonging census scotland,POSITIVE
6308,client diary ensure trust put services shines success contact us cavalry office 03041111553 dha office 042 37183645 6 study visa 03000882212 ielts 03000882252 highbrow immigration,POSITIVE
6309,congressman art del cueto join topics include ukrainerussiawar biden inflation gasprices bordercrisis immigration bloomberg aoc liathomas see ya soon,POSITIVE
6310,organising seminar presentation around processes procedure securing european golden visa residency kindly send dm information call numbers flyer immigration greece goldenvisa citizenship investment travel,POSITIVE
6311,manitoba pnp sent 191 invites pr latest draw get geniune guidance call us 1 437 343 9000 immigrationcanada immigrationnews immigrationconsultant immigration unbeatable fast canadaimmigration canadaworkpermit workincanada movetocanada workpermit,POSITIVE
6312,clandestine immigration cameroonian lady lost life ship 27 days departure cameroon search greener pastures europe young lady kicks bucket ship sailing italy africa cameroon immigration betterlife,NEGATIVE
6313,berlin governing mayor franziska giffey appears everywhere city time time visited state office immigration received interesting numbers war refugees came berlin ukraine,POSITIVE
6314,purpleday global event observed march 26 raise awareness epilepsy eliminate common myths fears related neurological disorder worldepilepsyday vjcoverseas vjcimmigration studyabroad immigration,NEGATIVE
6315,study canada 6 0 band required govt college available pswp offer letter 2 days scholarship available call 91 90668 00004 providers providersoverseas immigrationconsultant immigration abroad visaservices overseas,POSITIVE
6316,adulting means planning one one farewell parties buddies travel canada studyabroad education immigration studyvisa,POSITIVE
6317,talking immigration issues despierta valle central show lazarosalazarlaw fresno immigration attorney fresnoattorney immigrationattorney,NEGATIVE
6318,settle uk info com uk unitedkingdom startup business owner invest investment immigration immigrationconsultant visaconsultants permanent study studyabroad permanentresidency startupvisa visa skilled proffesional applynow contactus rowerfze,POSITIVE
6319,happy independence day bangladesh independence bangladesh bangla independenceday immigration canada australia newzealand emigrantz riyadh dammam jeddah engagewithemigrantz,POSITIVE
6320,1st episode life line podcast course mom first guest wish knew moving america pt 1 realifeplug podcastandchill immigration immigrationstories trending goodsamcbs,POSITIVE
6321,kamala useless fool calling czar anything pathetic joke house gop introduces bill remove harris border czar kamalaharris immigration,NEGATIVE
6322,manitoba invited total 191 immigration candidates pnp draw held march 24 2022 visit canadapr visaconsultant ircc immigration iccrcmember ahmedabad pr canadaimmigration migratetocanada pnp canadaexpressentry,POSITIVE
6323,immigration breakdown open borders working keep drugs,POSITIVE
6324,dream make true us study australia contact us information 96131 25000 abroadeducationconsultants immigrationconsultants visa consultantsinindia global australia kp studyinaustralia immigration,POSITIVE
6325,immigrants continue essential need deliver promise permanent protections using executive power immigration freedomtogether immigrantsareessential,POSITIVE
6326,new 50 immigrant leaders across country urging president biden congressional democrats deliver immigration relief reconciliation time excuses take action forourfamilies,POSITIVE
6327,john michael green american author youtube content creator podcaster immigrants uscis immigration johngreen greencard citizenship dreamers daca immigrationservices naturalization quote,POSITIVE
